product_name,category,gender,portfolio_cluster,sinal_priorizacao,priority_score,td_score,commercial_score,qt_pedidos,qt_skus,qt_items_vendidos,receita_liquida,qt_reversas,qt_items_returned,qt_trocas,qt_devolucoes,qt_reversas_fisico,qt_reversas_logistico,valor_troca,valor_devolucao,td_rate,td_rate_categoria,delta_vs_categoria,ratio_vs_categoria,share_receita_portfolio,share_unidades_portfolio,share_td_portfolio,top_1_problema,top_1_pct,top_2_problema,top_2_pct,top_3_problema,top_3_pct,pct_top_3_total,principal_cor_afetada,principal_cor_pct,principal_tamanho_afetado,principal_tamanho_pct,reversas_ultimos_3m,reversas_3m_anteriores,tendencia_reversas,comentarios_amostra,resumo_pre_llm,portfolio_cluster_payload
Calça FutureForm Feminino,Calça,female,Hero,Priorizar melhoria,0.9053913043478261,0.9199999999999999,0.8834782608695653,24971,15,26018,8996127.22,4287,4293.0,2528,1703,3813,15,1069425.8200000003,961715.1800000003,0.16500115304788993,0.12295430155607226,0.042046851491817666,1.341971374402404,0.025647305,0.008705795119026269,0.025077692361614133,caimento_ruim,0.14415675297410777,modelagem_ruim,0.1224632610216935,tamanho_pequeno,0.04851877770002332,0.3151387916958246,Preto,0.5418707721017029,M,0.350828084907861,1194,1227,Estável,"A aniversariante disse que parece uma lona de bar. || Vestiu muito mal e não é marrom, é verde  || Não gostei do corte, modelo e tecido no corpo || Amei o tecido a modelagem e o conforto é simplesmente perfeito  || A calça não ficou como eu imaginava no corpo || Apesar da devolução, estou muito satisfeita com a qualidade das peças e o atendimento pós venda.  || O cós é muito alto e não aparece assim nas fotos do site  || Já comprei o tamanho menor || Amei a calça, mas pra mim não vestiu bem. || É a primeira vez que não consigo encontrar um bom tamanho de um produto insider. Trnho várias peças da marca, mas infelizmente a calça não deu certo. A M ficou justa, a G ficou larga.","Top problemas: caimento_ruim, modelagem_ruim, tamanho_pequeno. Top 3 concentram 31.5% das reversas com tag. Há concentração relevante na cor Preto. Tendência: Estável.","{""cluster"":""Hero"",""product_name"":""Calça FutureForm Feminino"",""first_sale_date"":""2024-07-16"",""skp_state"":""ativo_perene"",""num_colors"":3,""category_1"":""Woman"",""category_2"":""Woman Casual"",""category_3"":""Woman Casual Bottoms"",""category_4"":""Woman Casual Bottoms Pants"",""revenue_after_discounts"":8137876.78,""qt_sold"":28293,""mc3_ratio"":0.26209503788659821,""num_products_cat4"":10,""pctl_category_relevance_company"":92.3076923076923,""viabilidade_financeira_raw"":-0.12187909265957235,""pctl_revenue_company"":93.627450980392155,""pctl_revenue_cat4"":100,""pctl_volume_company"":84.803921568627445,""pctl_viabilidade_company"":28.921568627450984,""manual_classification"":null,""aging"":54.691090720950463,""is_hero"":true,""is_core"":false,""processed_at"":""2026-06-12""}"
Tube Dress Feminino,Vestido,female,Core,Priorizar melhoria,0.8627826086956522,0.8860869565217391,0.8278260869565217,20346,5,20465,5699452.9,3511,3514.0,2132,1344,3231,4,700761.5900000001,587155.246,0.17170779379428291,0.16338701443356385,0.008320779360719066,1.0509268095115505,0.016248726,0.006847724541120477,0.02052713975278641,tamanho_pequeno,0.1589290800341783,caimento_ruim,0.11962403873540302,modelagem_ruim,0.06607804044431786,0.3446311592138992,Preto,1.0,M,0.3907718598689832,754,1036,Caiu nos últimos 3 meses,"muito justo o vestido p  meu corpo || Tenho sim, já comprei outras peças Insider que gostei muito. Esse vestido, em particular, achei o tecido bem mais ou menos. Mas, como foi um presente, vou apenas trocar o número. || Fiquei no intermediário entre P e M, porém não serviu || Achei péssimo. Fui no provador, conversei com um atendente ( tenho a conversa no WhatsApp) e pedi o tamanho G. Não sei porque veio PP. Achei frustrante. || Vestido pesado, não gostei do material. Diferente da propaganda que diz ser bem confortável  || Gostei do vestido . || Meu pedido não aparece no site de forma alguma. 
Pedi auxílio pelo Instagram e não sei se foi por lá q promoveram o envio. E só soube o número do pedido por conta de msg por WhatsApp. Isso me deixou bem insegura  || Apesar do provador virtual e medidas indicarem tam M, achei muito justo || nao vestiu bem || até o momento gostei da peça ","Top problemas: tamanho_pequeno, caimento_ruim, modelagem_ruim. Top 3 concentram 34.5% das reversas com tag. Há concentração relevante na cor Preto. Tendência: Caiu nos últimos 3 meses.","{""cluster"":""Core"",""product_name"":""Tube Dress Feminino"",""first_sale_date"":""2024-06-26"",""skp_state"":""ativo_perene"",""num_colors"":3,""category_1"":""Woman"",""category_2"":""Woman Casual"",""category_3"":""Woman Casual Dresses"",""category_4"":""Woman Casual Dresses Dress Midi"",""revenue_after_discounts"":5366792.09,""qt_sold"":22765.000000000004,""mc3_ratio"":0.20518238585853874,""num_products_cat4"":5,""pctl_category_relevance_company"":61.53846153846154,""viabilidade_financeira_raw"":-0.17463730324363189,""pctl_revenue_company"":88.235294117647058,""pctl_revenue_cat4"":100,""pctl_volume_company"":80.882352941176478,""pctl_viabilidade_company"":21.078431372549019,""manual_classification"":null,""aging"":71.006464627633648,""is_hero"":false,""is_core"":true,""processed_at"":""2026-06-12""}"
Skin Cropped Long Sleeve Feminino,Cropped,female,Long tail,Priorizar melhoria,0.8264347826086955,0.9113043478260869,0.6991304347826087,16038,12,18649,2178086.7,2904,2961.0,1852,1001,2763,6,432332.795,342993.4250000001,0.15877526945144513,0.10426281509600759,0.05451245435543754,1.5228369702586797,0.006209567,0.006240078913625984,0.01729677313830409,tamanho_pequeno,0.13739669421487602,modelagem_ruim,0.03787878787878788,caimento_ruim,0.03684573002754821,0.21212121212121213,Preto,0.7183195592286501,M,0.3953168044077135,1704,292,Aumentou nos últimos 3 meses,"O modelo é justo e não gostei || Sou cliente insider e possuo as camisetas de manga curta com a proposta ""segunda pele"". Elas servem perfeitamente o meu tamanho (P). Neste caso, acreditei que serviriam da mesma forma, não sendo muito explícito o aviso acerca da necessidade de ""subir um tamanho"". Assim, sugeriria que mantivessem os tamanhos padrão das compras, a fim de evitar confusões por parte dos clientes.  || Ficou pequena  || A blusa está furada || Pedido entregue errado 
Produto diferente do comprado  || Comprei o mesmo produto com desconto em outro pedido || Gostaria de trocar na M, mas não achei essa opção.  || Achei a peça pequena. Vou cancelar e comprar novamente 1 tamanho maior. || Nao || Ficou apertada no braço e levemente mais curta que na foto mas o tecido é maravilhoso, vou trocar pelo body de vcs de manga comprida","Top problemas: tamanho_pequeno, modelagem_ruim, caimento_ruim. Top 3 concentram 21.2% das reversas com tag. Há concentração relevante na cor Preto. Tendência: Aumentou nos últimos 3 meses.","{""cluster"":""Long tail"",""product_name"":""Skin Cropped Long Sleeve Feminino"",""first_sale_date"":""2023-07-24"",""skp_state"":""ativo_perene"",""num_colors"":8,""category_1"":""Woman"",""category_2"":""Woman Casual"",""category_3"":""Woman Casual Top"",""category_4"":""Woman Casual Top Cropped"",""revenue_after_discounts"":2221737.91,""qt_sold"":22704.999999999982,""mc3_ratio"":0.02526170715125527,""num_products_cat4"":8,""pctl_category_relevance_company"":84.615384615384613,""viabilidade_financeira_raw"":0.039090423141845416,""pctl_revenue_company"":75.490196078431367,""pctl_revenue_cat4"":100,""pctl_volume_company"":80.3921568627451,""pctl_viabilidade_company"":56.862745098039213,""manual_classification"":null,""aging"":83.4080307328395,""is_hero"":false,""is_core"":false,""processed_at"":""2026-06-12""}"
Saia Mini Kyoto Feminino,Saia,female,Core,Priorizar melhoria,0.8243478260869566,0.9321739130434783,0.6626086956521738,11022,15,11319,2620113.09,2312,2315.0,1428,840,2063,3,481583.3300000001,426807.14999999997,0.20452336778867392,0.11900075496117342,0.0855226128275005,1.7186728593058431,0.007469752,0.003787412366525418,0.013523144145617684,caimento_ruim,0.12629757785467127,modelagem_ruim,0.07828719723183392,tamanho_grande,0.061418685121107264,0.26600346020761245,Preto,0.5363321799307958,M,0.3780276816608997,912,565,Aumentou nos últimos 3 meses,"A saia M ficou apertada e a G ficou muito larga  || Não veste bem || Achei curta || O acabamento do bolso não fica legal, ele parece sempre aberto, acho que pode ser pelo quadril maior... mas não ficou bem, nem testando o tamanho maior || Não gostei do modelo, o zíper não abriu inteiramente e nem consegui vestir.  || Eu não gostei de como a peça ficou no meu corpo, não me serviu bem || Esperava que fosse mais encorpada  || N/A || Achei muito mais pra verde do que pra marrom, não combina com o top :/ || Apesar de ser o tamanho correto achei q a saia ficou muito curta atrás. Não vestiu bem.","Top problemas: caimento_ruim, modelagem_ruim, tamanho_grande. Top 3 concentram 26.6% das reversas com tag. Há concentração relevante na cor Preto. Tendência: Aumentou nos últimos 3 meses.","{""cluster"":""Core"",""product_name"":""Saia Mini Kyoto Feminino"",""first_sale_date"":""2024-07-24"",""skp_state"":""ativo_perene"",""num_colors"":3,""category_1"":""Woman"",""category_2"":""Woman Casual"",""category_3"":""Woman Casual Bottoms"",""category_4"":""Woman Casual Bottoms Skirts Mini"",""revenue_after_discounts"":2403465.16,""qt_sold"":12563.000000002094,""mc3_ratio"":0.22209034634971303,""num_products_cat4"":1,""pctl_category_relevance_company"":44.230769230769226,""viabilidade_financeira_raw"":-0.052759774286247764,""pctl_revenue_company"":76.9607843137255,""pctl_revenue_cat4"":50,""pctl_volume_company"":66.17647058823529,""pctl_viabilidade_company"":40.686274509803923,""manual_classification"":null,""aging"":91.82574244073794,""is_hero"":false,""is_core"":true,""processed_at"":""2026-06-12""}"
Calça Wide Leg Feminino,Calça,female,Core,Priorizar melhoria,0.813391304347826,0.8130434782608695,0.8139130434782609,19106,24,19943,5486871.55,2598,2599.0,1404,1127,2346,17,527005.1900000001,541781.89,0.13032141603570174,0.12295430155607226,0.007367114479629483,1.0599175009446073,0.015642672,0.006673059883878118,0.015182138934972077,caimento_ruim,0.0781370284834488,modelagem_ruim,0.05581216320246343,tamanho_pequeno,0.03733641262509623,0.17128560431100848,Preto,0.44110854503464203,M,0.29060816012317164,678,509,Aumentou nos últimos 3 meses,"A calca ficou muito larga na cintura  || Minha calça Wide Leg chegou ontem, dia 11/09/2025. Vestiu super bem, tamanho correto, modelagem perfeita. Eu amei. Hoje, 12/09/2025, pela manhã, vesti a calça e fui para o trabalho. Para minha surpresa, de forma muito desagradável, descobri no meio do caminho que minha calça estava descosturada no bumbum e eu estava com essa parte exposta. Eu fiquei arrasada, pois eu não tinha como voltar para casa por ter um compromisso importante naquele horário. Fui para o trabalho com a calça aberta no bumbum, e tive que dar um jeito de me tampar para que mais ninguém visse. Ao olhar com cuidado o que aconteceu, notei que a costura simplesmente abriu e está se desfazendo. Estou muito chateada e decepcionada com a marca. Por isso, quero o reembolso. || Ficou grande pra mim || É linda porém o tamanho não corresponde  || O caimento ficou total diferente no corpo, marcando muito o quadril, mesmo tendo comprado com número maior do que o indicado pelo site. || Não || Não gostei, ficou pequeno.  || Esperava outro tipo de tecido - mais encorpado  || comprei 2 || Fiquei na dúvida do tamanho ","Top problemas: caimento_ruim, modelagem_ruim, tamanho_pequeno. Top 3 concentram 17.1% das reversas com tag. Tendência: Aumentou nos últimos 3 meses.","{""cluster"":""Core"",""product_name"":""Calça Wide Leg Feminino"",""first_sale_date"":""2022-05-27"",""skp_state"":""ativo_perene"",""num_colors"":15,""category_1"":""Woman"",""category_2"":""Woman Casual"",""category_3"":""Woman Casual Bottoms"",""category_4"":""Woman Casual Bottoms Pants"",""revenue_after_discounts"":6618631.57,""qt_sold"":27279.999999999982,""mc3_ratio"":0.25311123964990562,""num_products_cat4"":10,""pctl_category_relevance_company"":92.3076923076923,""viabilidade_financeira_raw"":-0.032515482147111953,""pctl_revenue_company"":90.686274509803923,""pctl_revenue_cat4"":71.428571428571431,""pctl_volume_company"":84.313725490196077,""pctl_viabilidade_company"":45.588235294117645,""manual_classification"":null,""aging"":62.219303824910369,""is_hero"":false,""is_core"":true,""processed_at"":""2026-06-12""}"
Core T-shirt Masculino,T-shirt,male,Hero,Priorizar melhoria,0.812695652173913,0.7052173913043478,0.973913043478261,61159,30,108152,13981701.92,7474,8429.0,5183,2167,7063,41,1487366.1249999995,862126.6336666668,0.07793660773725868,0.05496738950982482,0.022969218227433856,1.4178699121836296,0.039860816,0.036188375498229265,0.0492382643643246,tamanho_pequeno,0.06168049237356168,tecido_grosso,0.0280974043350281,caimento_ruim,0.027963607171527963,0.11774150388011774,Preto,0.3415841584158416,M,0.2792346802247792,1267,1670,Estável,"Não gostei do tecido || Produto ficou pequeno.
Desejo trocar  pelo tamanho M na mesma cor || O produto ficou pequeno. Desejo um tamanho maior. || A camisa ficou apertada || O tamanho da tech t-shirt não bate com o da encorpada. O da encorpada fica muito mais justo. || Achei que seria um tom de verde diferente  || Quero trocar por uma peça tamanho G || A camisa ficou pequena. Gostaria do reembolso por cupom com vistas a adquirir a peça de tamanho G. || Ficou folgado || Camiseta Premium Encorpada Core T-Shirt - Wine / GG, pois a que comprei ficou pequena","Top problemas: tamanho_pequeno, tecido_grosso, caimento_ruim. Top 3 concentram 11.8% das reversas com tag. Tendência: Estável.","{""cluster"":""Hero"",""product_name"":""Core T-shirt Masculino"",""first_sale_date"":""2024-10-27"",""skp_state"":""ativo_perene"",""num_colors"":8,""category_1"":""Man"",""category_2"":""Man Casual"",""category_3"":""Man Casual Top"",""category_4"":""Man Casual Top T-Shirt"",""revenue_after_discounts"":17163926.6,""qt_sold"":140093.00000000009,""mc3_ratio"":0.18872731617068664,""num_products_cat4"":48,""pctl_category_relevance_company"":100,""viabilidade_financeira_raw"":-0.036779316112498954,""pctl_revenue_company"":98.0392156862745,""pctl_revenue_cat4"":88.235294117647058,""pctl_volume_company"":98.0392156862745,""pctl_viabilidade_company"":45.098039215686278,""manual_classification"":null,""aging"":85.634805068379762,""is_hero"":true,""is_core"":false,""processed_at"":""2026-06-12""}"
Camisa FutureForm Feminino,Camisa Social,female,Core,Priorizar melhoria,0.8118260869565217,0.7895652173913043,0.8452173913043477,20427,20,21768,7947348.67,3013,3023.0,1886,1095,2771,6,907215.1700000002,702244.9400000002,0.13887357589121646,0.14211198915056203,-0.0032384132593455683,0.9772122445213641,0.022657314,0.007283716970980237,0.017658948057106806,tamanho_grande,0.10587454364420842,cor_diferente_site,0.05542648523066711,caimento_ruim,0.03484898771988052,0.19615001659475606,Off White,0.5423166279455692,M,0.3730501161632924,1169,528,Aumentou nos últimos 3 meses,"Rápida e eficiente  || A camisa é bonita, mas pra quem é muito baixa (tenho 1,56 m) ela fica muito comprida. Os punhos ficam apertados. || Mesmo usando a indicação do provador virtual e as medidas da peça, a camisa ainda ficou muito grande, como se fosse de outra pessoa  || A cor não agradou. Não combina com um off white. || Me desculpe, mas não gostei do tecido. Tecido gelado para ambiente frio.  || Achei esse marrom muito escuro. Não gostei da cor e já estou pedindo outra peça em outra cor || Como comprei no intuito de usar na praia, achei o material pesado, não gostei!  || Mangas ficaram justas , sobra de tecido no ombro e axila, sobra de tecido costas. 
 || Optei por estorno pq não consegui contato para tirar dúvidas sobre a troca por um tamanho menor!  || Não ficou como eu pensava","Top problemas: tamanho_grande, cor_diferente_site, caimento_ruim. Top 3 concentram 19.6% das reversas com tag. Há concentração relevante na cor Off White. Tendência: Aumentou nos últimos 3 meses.","{""cluster"":""Core"",""product_name"":""Camisa FutureForm Feminino"",""first_sale_date"":""2024-08-20"",""skp_state"":""ativo_perene"",""num_colors"":7,""category_1"":""Woman"",""category_2"":""Woman Casual"",""category_3"":""Woman Casual Top"",""category_4"":""Woman Casual Top Blouses"",""revenue_after_discounts"":8240853.34,""qt_sold"":25429.000000000033,""mc3_ratio"":0.26436902992576827,""num_products_cat4"":5,""pctl_category_relevance_company"":67.3076923076923,""viabilidade_financeira_raw"":-0.17388696191417069,""pctl_revenue_company"":94.117647058823522,""pctl_revenue_cat4"":100,""pctl_volume_company"":82.35294117647058,""pctl_viabilidade_company"":21.568627450980394,""manual_classification"":null,""aging"":65.111470538052984,""is_hero"":false,""is_core"":true,""processed_at"":""2026-06-12""}"
Shorts Kyoto Feminino,Shorts,female,Core,Priorizar melhoria,0.8076521739130434,0.8521739130434782,0.7408695652173913,14621,15,15785,3425742.12,2898,2906.0,1807,1026,2690,9,594201.62,508553.49000000005,0.18409882800126703,0.18409882800126703,0.0,1.0,0.009766542,0.005281765545154494,0.016975488936140384,caimento_ruim,0.10938578329882678,modelagem_ruim,0.0790200138026225,tamanho_grande,0.0748792270531401,0.2632850241545894,Preto,0.3968253968253968,M,0.3443754313319531,974,871,Estável,"Tenho o mesmo modelo na cor preta tamanho P e fica perfeito. O Urban Brown é 2 cm mais estreito. Comparei ambos. Há um problema na modelagem || Ficou mais justo do que gostaria, os bolsos saltaram um pouco na região do quadril || O mesmo em tamanho menor || Detestei a cor. Não é marrom, é um verde cor de vômito. || Adorei o modelo e tecido. Ótimo para viagens e dia a dia também.  Não amarrota,fácil secagem,além de ser muito cômodo.  || Usei como base os outros produtos que já tenho e comprei da mesma marca sempre tamanho P mas esse ficou muito justo no quadril.  || comprei o M e o G. De acordo com o site, o ideal seria o G, mas foi justamente esse que ficou grande.  || Não se ajustou bem ao corpo. || Ficou muito grande o short. || Não gostei do jeito que vestiu","Top problemas: caimento_ruim, modelagem_ruim, tamanho_grande. Top 3 concentram 26.3% das reversas com tag. Tendência: Estável.","{""cluster"":""Core"",""product_name"":""Shorts Kyoto Feminino"",""first_sale_date"":""2024-07-16"",""skp_state"":""ativo_perene"",""num_colors"":3,""category_1"":""Woman"",""category_2"":""Woman Casual"",""category_3"":""Woman Casual Bottoms"",""category_4"":""Woman Casual Bottoms Bermudas/Shorts"",""revenue_after_discounts"":3046066.91,""qt_sold"":16377.999999999987,""mc3_ratio"":0.26566381528096206,""num_products_cat4"":2,""pctl_category_relevance_company"":55.769230769230774,""viabilidade_financeira_raw"":-0.011940385298080482,""pctl_revenue_company"":80.882352941176478,""pctl_revenue_cat4"":100,""pctl_volume_company"":73.529411764705884,""pctl_viabilidade_company"":48.03921568627451,""manual_classification"":null,""aging"":60.002047463987893,""is_hero"":false,""is_core"":true,""processed_at"":""2026-06-12""}"
Camisa FutureForm Masculino,Camisa Social,male,Core,Priorizar melhoria,0.8076521739130434,0.8382608695652174,0.7617391304347826,12622,20,14575,5173195.02,2189,2219.0,1597,550,2075,6,794962.19,455556.73000000004,0.15224699828473415,0.14211198915056203,0.010135009134172118,1.0713170591359078,0.014748403,0.004876891531240213,0.01296235717456831,tamanho_grande,0.1269986295111923,caimento_ruim,0.037003197807217905,modelagem_ruim,0.03380539058931019,0.19780721790772043,Preto,0.31064412973960714,G,0.3243490178163545,820,527,Aumentou nos últimos 3 meses,"Modelo ficou maior do que eu preciso, trocarei por um tamanho menor. || O corte não ficou legal no corpo || Não gostei do produto || Camisa maravilhosa mas o comprimento das mangas ficaram enormes e tamanho punho achei muito largo. || O resto tudo certo mais a camisa social veio no tamamho muito grande || Não gostei da cor. Vou comprar branca  || Achei o material da camisa muito grosso e quente. Moro em Goiânia, aqui é um sol pra cada cabeça.  || MUITO GRANDE. E EU PEDI PARA A ASSISTENTE VIRTUAL UMA CAMISA FEMININA E VEIO UMA MASCULINA || Camisa ficou grande, quero o mesmo produto, tamanho P || Achei a camisa amarelada e na off white","Top problemas: tamanho_grande, caimento_ruim, modelagem_ruim. Top 3 concentram 19.8% das reversas com tag. Tendência: Aumentou nos últimos 3 meses.","{""cluster"":""Core"",""product_name"":""Camisa FutureForm Masculino"",""first_sale_date"":""2024-08-20"",""skp_state"":""ativo_perene"",""num_colors"":7,""category_1"":""Man"",""category_2"":""Man Casual"",""category_3"":""Man Casual Top"",""category_4"":""Man Casual Top Blouses"",""revenue_after_discounts"":6599979.11,""qt_sold"":20921.000000000651,""mc3_ratio"":0.309045319719055,""num_products_cat4"":1,""pctl_category_relevance_company"":63.46153846153846,""viabilidade_financeira_raw"":-0.19645851530920722,""pctl_revenue_company"":90.196078431372555,""pctl_revenue_cat4"":50,""pctl_volume_company"":78.431372549019613,""pctl_viabilidade_company"":18.137254901960784,""manual_classification"":null,""aging"":84.884941545207226,""is_hero"":false,""is_core"":true,""processed_at"":""2026-06-12""}"
The Perfect Top Feminino,Regata,female,Long tail,Alerta em produto relevante,0.7779130434782608,0.6356521739130435,0.991304347826087,194766,18,313698,32806350.49,23167,23507.0,14979,7847,21711,63,3796174.168333331,2719987.979999999,0.07493512869065151,0.07655261258789639,-0.0016174838972448785,0.9788709510679637,0.093528522,0.10496542844370445,0.1373168680047667,tamanho_pequeno,0.05814304830146329,caimento_ruim,0.057150256830836965,modelagem_ruim,0.046229550653947425,0.16152285578624767,Preto,0.4022532049898563,M,0.3761816376742781,6236,5555,Estável,"O mesmo produto porém tamanho menor || Ficou grande. || Eu comprei 3 blusas P e essa que é a PRETA veio com uma modelagem completamente diferente no corpo, muito larga com as alças maiores, ficou muito estranha no corpo. As outras serviram bem. || Não ficou como esperado no meu corpo,mais questão pessoal mesmo.  || Alças e bojo muito grandes  || Ficou muito apertada || Não gostei do corte, na imagem parece que as alças ficam mais espacadas || Vi muitas propagandas de que o perfect top seria perfeito para usar sem sutiã, mas o bojo marca completamente o tecido do top; esperava mais do produto. Não dá para usar sem sutiã (com ou sem o bojo). || Duplicidade  || A costura do lado direito da peça está defeituosa.","Top problemas: tamanho_pequeno, caimento_ruim, modelagem_ruim. Top 3 concentram 16.2% das reversas com tag. Tendência: Estável.","{""cluster"":""Long tail"",""product_name"":""The Perfect Top Feminino"",""first_sale_date"":""2022-11-13"",""skp_state"":""ativo_perene"",""num_colors"":15,""category_1"":""Woman"",""category_2"":""Woman Casual"",""category_3"":""Woman Casual Top"",""category_4"":""Woman Casual Top Tank Top"",""revenue_after_discounts"":43816318.35,""qt_sold"":436730.99999999895,""mc3_ratio"":0.026552966591982266,""num_products_cat4"":16,""pctl_category_relevance_company"":94.230769230769226,""viabilidade_financeira_raw"":-0.19967929412089166,""pctl_revenue_company"":99.509803921568633,""pctl_revenue_cat4"":100,""pctl_volume_company"":99.019607843137265,""pctl_viabilidade_company"":17.156862745098039,""manual_classification"":""Perene - Papel Definido"",""aging"":29.263456642777584,""is_hero"":false,""is_core"":false,""processed_at"":""2026-06-12""}"
Bermuda Kyoto Feminino,Bermuda,female,Core,Priorizar melhoria,0.7742608695652173,0.8591304347826086,0.6469565217391304,9212,15,9580,2514127.13,1627,1628.0,1069,524,1469,5,384639.52,252323.96999999997,0.169937369519833,0.13273661395199488,0.03720075556783811,1.2802599407974353,0.007167594,0.003205531449007289,0.009510012384045611,tamanho_grande,0.10018438844499078,caimento_ruim,0.09711124769514444,modelagem_ruim,0.07006760909649662,0.26736324523663185,Preto,0.48862937922556854,M,0.36693300553165337,358,429,Estável,"Apesar de ter optado pelo tamanho G, a peça marca no corpo... || Adorei a bermuda, só achei apertada no quadril
 || Pedi tamanho G, mas ficou grande vou pedir M, tenho cintura fina e quadril largo e coxa grossa, mas a modelagem é ótima  || LINDA POREM FORMA MAIOR DE COSTUME || Ficou pequeno na cintura. Vou usar o cupom para comprar outras roupas || A peça é linda, mas ficou grande, gosto de roupas mais coladas no corpo.  || Imaginei que teria outro caimento no corpo. Não vestiu bem em mim || não ficou bem em mim  || Achei o cinza muito azulado. || Fiz o provador virtual, que geralmente funciona, mas o tamanho G ficou extremamente pequeno na cintura. Vou trocar pelo GG.","Top problemas: tamanho_grande, caimento_ruim, modelagem_ruim. Top 3 concentram 26.7% das reversas com tag. Tendência: Estável.","{""cluster"":""Core"",""product_name"":""Bermuda Kyoto Feminino"",""first_sale_date"":""2025-08-05"",""skp_state"":""ativo_perene"",""num_colors"":3,""category_1"":""Woman"",""category_2"":""Woman Casual"",""category_3"":""Woman Casual Bottoms"",""category_4"":""Woman Casual Bottoms Bermudas/Shorts"",""revenue_after_discounts"":2356870.09,""qt_sold"":10218,""mc3_ratio"":0.3176001685196202,""num_products_cat4"":2,""pctl_category_relevance_company"":55.769230769230774,""viabilidade_financeira_raw"":0.074724735395334932,""pctl_revenue_company"":76.470588235294116,""pctl_revenue_cat4"":0,""pctl_volume_company"":65.196078431372555,""pctl_viabilidade_company"":63.235294117647058,""manual_classification"":null,""aging"":82.001205583447927,""is_hero"":false,""is_core"":true,""processed_at"":""2026-06-12""}"
Tech T-shirt Heavy Slim Masculino,T-shirt,male,Core,Priorizar melhoria,0.7582608695652174,0.7686956521739131,0.7426086956521739,13458,15,19898,2953526.92,1846,2109.0,1294,514,1742,6,378296.29833333334,245510.15000000005,0.1059905518142527,0.05496738950982482,0.051023162304427876,1.9282442327974851,0.008420291,0.006658002585839983,0.012319788770240904,tamanho_pequeno,0.06067172264355363,caimento_ruim,0.035211267605633804,modelagem_ruim,0.03358613217768147,0.1294691224268689,Preto,0.5102925243770314,M,0.3380281690140845,220,369,Caiu nos últimos 3 meses,"Comprei e na mesma hora vi que tinha comprado errado, mas só que na hora que enviei mensagem para o suporte para trocar o tamanho, fui recebido por bot que me informou que não era possível trocar o tamanho depois do pagamento... Só seria possível realizar a troca apos a chegada do produto.  || Comprei o modelo slim e ficou muito justo nas laterais  || Vieram duas com furos, uma inclusive está marcada com uma fita. || Não achei o modelo confortável  || Eu comprei o Kit de 4 Camisas, seriam 3 Pretas e 1 Branca

Chegou no meu endereço apenas 1 Camisa Preta. 

Entrega Errada de Produtos porque Faltaram 3 Camisas na Entrega.  || Manga muito curta  || produto ficou apertado no corpo, as medidas de referencia no site, não condiz com o produto real. estou devolvendo para comprar o modelo heavy || Tenho outras tech t shirt heavy com a qualidade e material bem superior a essas que recebi, não quero mais o produto por isso || gostei do produto....mas ficou pequena...apertada demais  || Eu já tinha comprado outras peças GG na insider mas essa ficou muito apertada. Vou precisar um número maior","Top problemas: tamanho_pequeno, caimento_ruim, modelagem_ruim. Top 3 concentram 12.9% das reversas com tag. Há concentração relevante na cor Preto. Tendência: Caiu nos últimos 3 meses.","{""cluster"":""Core"",""product_name"":""Tech T-shirt Heavy Slim Masculino"",""first_sale_date"":""2024-05-24"",""skp_state"":""ativo_perene"",""num_colors"":5,""category_1"":""Man"",""category_2"":""Man Casual"",""category_3"":""Man Casual Top"",""category_4"":""Man Casual Top T-Shirt"",""revenue_after_discounts"":4320785.07,""qt_sold"":35274.99999999733,""mc3_ratio"":0.32769391653160129,""num_products_cat4"":48,""pctl_category_relevance_company"":100,""viabilidade_financeira_raw"":0.80148430281815441,""pctl_revenue_company"":85.7843137254902,""pctl_revenue_cat4"":52.941176470588239,""pctl_volume_company"":86.274509803921575,""pctl_viabilidade_company"":95.588235294117652,""manual_classification"":null,""aging"":98.705067451350942,""is_hero"":false,""is_core"":true,""processed_at"":""2026-06-12""}"
Saia Midi Kyoto Feminino,Saia,female,Core,Priorizar melhoria,0.752,0.7860869565217392,0.7008695652173913,10244,15,10490,4153463.56,1392,1396.0,924,439,1295,7,437463.50000000006,370713.52,0.1330791229742612,0.11900075496117342,0.014078368013087775,1.1183048630042822,0.011841223,0.0035100234760006748,0.008154777204009627,tamanho_pequeno,0.09410919540229885,caimento_ruim,0.0625,modelagem_ruim,0.04310344827586207,0.1997126436781609,Preto,0.5079022988505747,M,0.33620689655172414,449,396,Estável,"ficou pequeno (mesmo eu seguindo a recomendação) e não gostei da textura do material || Ficou apertada na cintura  || Produtos ótimos! A saia ficou apertada! Comprei pela indicação do provador virtual, mas acho que. Saia tem que ser dois números a mais || A cintura ficou muito justa.  || Comprei outras peças da Insider e o tamanho M ficou ótimo, no entanto a saia está ficando pequena. || Apenas desejo a troca do M pelo G. O produto é excelente. || O provador virtual não foi muito preciso. || Ficou grande  || não veio o cinto da saia || Me arrependi da cor escolhida. ","Top problemas: tamanho_pequeno, caimento_ruim, modelagem_ruim. Top 3 concentram 20% das reversas com tag. Há concentração relevante na cor Preto. Tendência: Estável.","{""cluster"":""Core"",""product_name"":""Saia Midi Kyoto Feminino"",""first_sale_date"":""2023-07-31"",""skp_state"":""ativo_perene"",""num_colors"":7,""category_1"":""Woman"",""category_2"":""Woman Casual"",""category_3"":""Woman Casual Bottoms"",""category_4"":""Woman Casual Bottoms Skirts Midi"",""revenue_after_discounts"":4904286.94,""qt_sold"":13971.999999999982,""mc3_ratio"":0.33259555400989943,""num_products_cat4"":4,""pctl_category_relevance_company"":69.230769230769226,""viabilidade_financeira_raw"":-0.048003277192918144,""pctl_revenue_company"":87.745098039215691,""pctl_revenue_cat4"":100,""pctl_volume_company"":69.117647058823522,""pctl_viabilidade_company"":42.647058823529413,""manual_classification"":null,""aging"":49.158625903203749,""is_hero"":false,""is_core"":true,""processed_at"":""2026-06-12""}"
Tech T-shirt Gola U Masculino,T-shirt,male,Hero,Alerta em produto relevante,0.7349565217391305,0.5582608695652174,1.0,286729,42,557653,59045621.71,24643,28416.0,18297,5893,23055,279,5137711.589833336,2372349.8013333334,0.050956419135196974,0.05496738950982482,-0.004010970374627845,0.9270300006895738,0.168334778,0.18659438717466198,0.1659929434306143,tamanho_pequeno,0.0675648257111553,caimento_ruim,0.021223065373534068,modelagem_ruim,0.019234671103355923,0.10802256218804529,Preto,0.41358600819705393,G,0.3278415777299842,4255,6345,Caiu nos últimos 3 meses,"Compra fácil pelo site, produto bom mas ficou pequena. || uma manga eh mais curta que a outra e inclusive veio um bilhete da propria fabrica de voces indicando que tinha esse problema  || Tamanho grande.  || Ficou grudada em mim || MATERIAL FINO FICOU MARCANDO O PEITO || Comprei o kit para o meu pai. É a primeira compra para ele Insider, então não sabia o tamanho ao certo. || Recebi uma camiseta feminina, porém a compra foi uma masculina.  || Ficou transparente  || Comprei o tamanho de um modelo que já tenho porém esse modelo é maior  || Preciso trocar para o tamanho G ","Top problemas: tamanho_pequeno, caimento_ruim, modelagem_ruim. Top 3 concentram 10.8% das reversas com tag. Tendência: Caiu nos últimos 3 meses.","{""cluster"":""Hero"",""product_name"":""Tech T-shirt Gola U Masculino"",""first_sale_date"":""2021-06-12"",""skp_state"":""ativo_perene"",""num_colors"":30,""category_1"":""Man"",""category_2"":""Man Casual"",""category_3"":""Man Casual Top"",""category_4"":""Man Casual Top T-Shirt"",""revenue_after_discounts"":88259504.11,""qt_sold"":838202.00000000279,""mc3_ratio"":0.17116082389336099,""num_products_cat4"":48,""pctl_category_relevance_company"":100,""viabilidade_financeira_raw"":-0.15761937713228003,""pctl_revenue_company"":100,""pctl_revenue_cat4"":100,""pctl_volume_company"":100,""pctl_viabilidade_company"":23.52941176470588,""manual_classification"":null,""aging"":67.2647794567576,""is_hero"":true,""is_core"":false,""processed_at"":""2026-06-12""}"
Maxi Saia NYIN Feminino,Saia,female,Hero,Alerta em produto relevante,0.7215652173913043,0.5904347826086956,0.9182608695652175,35797,15,36828,11598761.53,3375,3376.0,1748,1582,2881,4,698124.0450000003,800872.0000000001,0.09166938199196263,0.11900075496117342,-0.027331372969210788,0.7703260539974873,0.033067227,0.012322892714409232,0.019721008481902936,caimento_ruim,0.13155555555555556,modelagem_ruim,0.07614814814814815,tecido_qualidade_ruim,0.052444444444444446,0.26014814814814813,Preto,0.5256296296296297,P,0.2912592592592593,1168,777,Aumentou nos últimos 3 meses,"A saia ficou grande. || Maior problema é que o elastico é muito forte e apertado.  A cor tb achei diferente  || Prefiro outra cor || Experimentei a saia e achei que ficou grande comprei uma azul de tamanho médio que ficou boa || Não gostei  || Não gostei da qualidade do produto. || O tamanho GG ficou grande de mais, como já comprei outras peças e ficaram pequenas não segui a tabela de medidas, mas infelizmente ficou grande, vou trocar pela mesma cor porém pela G  || A saia linda amei ! || cintura muito justa || Infelizmente nao ficou bom","Top problemas: caimento_ruim, modelagem_ruim, tecido_qualidade_ruim. Top 3 concentram 26% das reversas com tag. Há concentração relevante na cor Preto. Tendência: Aumentou nos últimos 3 meses.","{""cluster"":""Hero"",""product_name"":""Maxi Saia NYIN Feminino"",""first_sale_date"":""2024-10-29"",""skp_state"":""ativo_perene"",""num_colors"":5,""category_1"":""Woman"",""category_2"":""Woman Casual"",""category_3"":""Woman Casual Bottoms"",""category_4"":""Woman Casual Bottoms Skirts Long"",""revenue_after_discounts"":13016449.72,""qt_sold"":44170.000000000131,""mc3_ratio"":0.25062878371341318,""num_products_cat4"":1,""pctl_category_relevance_company"":71.15384615384616,""viabilidade_financeira_raw"":-0.086374800172243388,""pctl_revenue_company"":97.058823529411768,""pctl_revenue_cat4"":50,""pctl_volume_company"":89.705882352941174,""pctl_viabilidade_company"":33.333333333333329,""manual_classification"":null,""aging"":65.377790613492721,""is_hero"":true,""is_core"":false,""processed_at"":""2026-06-12""}"
Tech T-shirt Heavy Masculino,T-shirt,male,Core,Alerta em produto relevante,0.7213913043478262,0.64,0.8434782608695652,23715,20,34729,4957516.09,2179,2443.0,1468,663,2033,25,410973.154,265321.955,0.07034466872066572,0.05496738950982482,0.015377279210840901,1.279752765193486,0.014133518,0.011620553412586027,0.014270860107016847,tamanho_pequeno,0.07847636530518587,caimento_ruim,0.04405690683799908,modelagem_ruim,0.02799449288664525,0.1505277650298302,Preto,0.5020651675080312,M,0.2771913721890776,497,427,Estável,"Achei que estava comprando camisas com maior gramatura no tecido. || Acredito que me confundi e comprei errado. || Pequeno demais
 || A camiseta tem um tecido desconfortável e uma forma inadequada  || Selecionei GG na hora da compra mas chegou uma P, não sei o que deu errado! || veio a tec- t-shirt, além disso o produto veio com defeito. || Gola com costura errada, franzida bem abaixo do queixo. || Não gostei do caimento || Desisti de ter mais de 1 verde. Essa ficou com tamanho bom || Achei material mais fino do que esperava.","Top problemas: tamanho_pequeno, caimento_ruim, modelagem_ruim. Top 3 concentram 15.1% das reversas com tag. Há concentração relevante na cor Preto. Tendência: Estável.","{""cluster"":""Core"",""product_name"":""Tech T-shirt Heavy Masculino"",""first_sale_date"":""2024-05-24"",""skp_state"":""ativo_perene"",""num_colors"":5,""category_1"":""Man"",""category_2"":""Man Casual"",""category_3"":""Man Casual Top"",""category_4"":""Man Casual Top T-Shirt"",""revenue_after_discounts"":5408582.74,""qt_sold"":39251.999999998334,""mc3_ratio"":0.3550659372998633,""num_products_cat4"":48,""pctl_category_relevance_company"":100,""viabilidade_financeira_raw"":0.57001516172790223,""pctl_revenue_company"":88.725490196078425,""pctl_revenue_cat4"":58.82352941176471,""pctl_volume_company"":87.254901960784309,""pctl_viabilidade_company"":93.627450980392155,""manual_classification"":null,""aging"":100.39667351551581,""is_hero"":false,""is_core"":true,""processed_at"":""2026-06-12""}"
Calça FutureForm Masculino,Calça,male,Hero,Alerta em produto relevante,0.7196521739130435,0.5860869565217391,0.9199999999999999,31531,20,35619,12163749.37,3263,3301.0,2050,1178,2952,11,931164.6300000002,803268.27,0.09267525758724277,0.12295430155607226,-0.030279043968829494,0.7537374163764332,0.034677966,0.01191835330711802,0.019282893660770614,tamanho_pequeno,0.04995403003371131,caimento_ruim,0.048115231382163656,tecido_qualidade_ruim,0.04290530186944529,0.14097456328532026,Preto,0.4704259883542752,M,0.30033711308611705,553,763,Caiu nos últimos 3 meses,"Abaixo da expectativa || Peguei para usar a calça, cheguei a tirar a etiqueta, pq gostei do produto, mas no bolso esquerdo da calça tem uma costura com defeito. Acho que logo vai soltar :/  || Trocar pela cor bege  || Nao || Gostei do produto mas, ficou justo || A cor não era da forma que eu esperava. || Caimento ruim  || Excelente compra, estou muito satisfeito! 
Somente a calça ficou pequena! Obrigada  || Ficou muito grande preciso trocar pela GG || Produto grande e folgado","Top problemas: tamanho_pequeno, caimento_ruim, tecido_qualidade_ruim. Top 3 concentram 14.1% das reversas com tag. Tendência: Caiu nos últimos 3 meses.","{""cluster"":""Hero"",""product_name"":""Calça FutureForm Masculino"",""first_sale_date"":""2024-08-06"",""skp_state"":""ativo_perene"",""num_colors"":4,""category_1"":""Man"",""category_2"":""Man Casual"",""category_3"":""Man Casual Bottoms"",""category_4"":""Man Casual Bottoms Pants"",""revenue_after_discounts"":12655255.67,""qt_sold"":40140.000000000022,""mc3_ratio"":0.34264208241081145,""num_products_cat4"":6,""pctl_category_relevance_company"":88.461538461538453,""viabilidade_financeira_raw"":-0.00896921778254492,""pctl_revenue_company"":96.078431372549019,""pctl_revenue_cat4"":100,""pctl_volume_company"":88.235294117647058,""pctl_viabilidade_company"":48.529411764705884,""manual_classification"":null,""aging"":78.88484344735943,""is_hero"":true,""is_core"":false,""processed_at"":""2026-06-12""}"
Wingsuit Feminino,Casaco,female,Hero,Alerta em produto relevante,0.7111304347826086,0.5556521739130434,0.9443478260869564,45420,24,49210,17335360.6,2627,2629.0,1327,1250,2292,10,615279.2750000003,832320.1820000001,0.05342410079252184,0.05347464286433882,-5.054207181697662e-05,0.999054840404541,0.049421854,0.01646599192125769,0.015357384863425007,caimento_ruim,0.07460982108869432,modelagem_ruim,0.05824133993148078,cor_diferente_site,0.04073087171678721,0.17358203273696232,Off White,0.38713361248572514,M,0.4050247430529121,922,290,Aumentou nos últimos 3 meses,"Os braços ficaram muito curtos  || Também não gostei, pensei que fosse um vermelho mais escuro. Vou comprar outra cor. Já tenho preta e azul  e quero outra dela. || A peça ficou pequena, gostaria de um número maior. || Na verdade estou insatisfeita com o atendimento da Insider pós venda. Como é um presente, não quero que a pessoa passe o nervoso que eu estou passando para falar com vcs. Então vou devolver.  || Nenhuma! A peça é linda e confortável, só ficou grande demais || Ficou muito apertado na gola e no punho || A peça não caiu bem. || Não gostei do tecido || Ola! Quero o.mesmo casaco, mas tamanho M || Ficou grande
","Top problemas: caimento_ruim, modelagem_ruim, cor_diferente_site. Top 3 concentram 17.4% das reversas com tag. Tendência: Aumentou nos últimos 3 meses.","{""cluster"":""Hero"",""product_name"":""Wingsuit Feminino"",""first_sale_date"":""2022-08-29"",""skp_state"":""ativo_perene"",""num_colors"":16,""category_1"":""Woman"",""category_2"":""Woman Casual"",""category_3"":""Woman Casual Top"",""category_4"":""Woman Casual Top Jackets/Hoodies"",""revenue_after_discounts"":19476546.9,""qt_sold"":56408.0000000001,""mc3_ratio"":0.31052447281076129,""num_products_cat4"":3,""pctl_category_relevance_company"":90.384615384615387,""viabilidade_financeira_raw"":-0.11644702625089948,""pctl_revenue_company"":98.529411764705884,""pctl_revenue_cat4"":100,""pctl_volume_company"":90.686274509803923,""pctl_viabilidade_company"":30.392156862745097,""manual_classification"":null,""aging"":40.435278788561455,""is_hero"":true,""is_core"":false,""processed_at"":""2026-06-12""}"
Camiseta Polo Core Masculino,T-shirt,male,Hero,Alerta em produto relevante,0.7050434782608695,0.568695652173913,0.9095652173913044,32385,30,45678,8745218.07,2446,2550.0,1668,748,2271,31,555719.258,398465.82500000007,0.055825561539471956,0.05496738950982482,0.0008581720296471362,1.015612384675713,0.024931981,0.015284161328575673,0.01489590391849896,tamanho_grande,0.03802125919869174,tecido_grosso,0.03025347506132461,caimento_ruim,0.02616516762060507,0.09443990188062143,Preto,0.25224856909239574,M,0.2784137367130008,441,561,Estável,"Ficou grande  || Apos receber a camisa, fui desabotoa-la e o botao saiu da camisa. gostaria de reembolso pois nao agradei || Conforme tratado pelo atendimento no Whatsapp, após a lavagem, a camisa polo encolheu consideravelmente (7 cm). Todos os cuidados foram seguidos durante a lavagem. O problema é que após a compra da primeira peça, compramos mais 2 do mesmo modelo, pois gostamos muito do produto, agora, estamos com medo de lavá-las e elas tbm encolherem a tal ponto que fique impossível usar (como aconteceu com a primeira compra). Estamos encaminhando a foto comparativa entre a camisa já usada e lavada (verde) e a camisa nova, ainda não usada e não lavada. Reforçamos que todos os cuidados foram tomados na lavagem (lavagem no modo delicado, dentro da sacola protetora). || Peça ficou pequena || O botão mais superior se soltou  || A gola da polo é feia || O provador virtual indicava que ficava justo, quando sobrou tamanho || A peça apresenta um furo na costura da parte de trás da manga do braço direito. || G || Esperava que a camiseta polo fosse do mesmo padrao de tecido que as tech t-shirt.","Top problemas: tamanho_grande, tecido_grosso, caimento_ruim. Top 3 concentram 9.4% das reversas com tag. Tendência: Estável.","{""cluster"":""Hero"",""product_name"":""Camiseta Polo Core Masculino"",""first_sale_date"":""2024-07-14"",""skp_state"":""ativo_perene"",""num_colors"":7,""category_1"":""Man"",""category_2"":""Man Casual"",""category_3"":""Man Casual Top"",""category_4"":""Man Casual Top Polo Shirt"",""revenue_after_discounts"":10876138.29,""qt_sold"":58732.00000000008,""mc3_ratio"":0.29204564604396532,""num_products_cat4"":4,""pctl_category_relevance_company"":76.923076923076934,""viabilidade_financeira_raw"":0.036371721563609911,""pctl_revenue_company"":95.098039215686271,""pctl_revenue_cat4"":100,""pctl_volume_company"":91.17647058823529,""pctl_viabilidade_company"":56.372549019607845,""manual_classification"":null,""aging"":63.751679076659187,""is_hero"":true,""is_core"":false,""processed_at"":""2026-06-12""}"
Daily T-shirt Feminino,T-shirt,female,Long tail,Alerta em produto relevante,0.7024347826086956,0.6756521739130434,0.742608695652174,16961,14,24550,2411705.16,1883,2018.0,1240,612,1691,15,336207.095,243091.81999999998,0.08219959266802444,0.05496738950982482,0.027232203158199624,1.4954247127441291,0.006875596,0.008214592596360015,0.011788209453933687,tamanho_pequeno,0.07010090281465746,caimento_ruim,0.06372809346787042,modelagem_ruim,0.04938927243759957,0.18321826872012745,Off White,0.45459373340414233,M,0.35369091874668085,495,496,Estável,"não achei que fosse tão colada ao corpo. || Esperava uma modelagem diferente, mais ampla  || Ela queria a blusa de alça || Minha filha não gostou do tecido e achou que ficou transparente  || Fica transparente || Esperava a cor branca. Mas ela é quase off white, ficando muito parecida com outra da insider que comprei. Outra coisa, esperava uma qualidade melhor, pensei que fosse igual a da off white que comprei. Mas vou ficar assim mesmo || Não recebi o produto  || Manga longa e colada, muito estranho no corpo || Tamanho pequeno, gosto mais solto. || Nunca aconteceu isso com as outras peças que tenho, aparecer bolinhas depois de usar. ","Top problemas: tamanho_pequeno, caimento_ruim, modelagem_ruim. Top 3 concentram 18.3% das reversas com tag. Tendência: Estável.","{""cluster"":""Long tail"",""product_name"":""Daily T-shirt Feminino"",""first_sale_date"":""2022-08-03"",""skp_state"":""ativo_perene"",""num_colors"":13,""category_1"":""Woman"",""category_2"":""Woman Casual"",""category_3"":""Woman Casual Top"",""category_4"":""Woman Casual Top T-Shirt"",""revenue_after_discounts"":6802433.97,""qt_sold"":83831.000000000087,""mc3_ratio"":0.15763756399851678,""num_products_cat4"":30,""pctl_category_relevance_company"":98.076923076923066,""viabilidade_financeira_raw"":-0.016798966182569,""pctl_revenue_company"":91.666666666666657,""pctl_revenue_cat4"":83.333333333333343,""pctl_volume_company"":93.627450980392155,""pctl_viabilidade_company"":47.058823529411761,""manual_classification"":null,""aging"":89.492825829348163,""is_hero"":false,""is_core"":false,""processed_at"":""2026-06-12""}"
Structure Tank Feminino,Regata,female,Long tail,Monitorar,0.702086956521739,0.7817391304347825,0.5826086956521739,10756,25,12230,1668743.15,1473,1475.0,924,502,1318,6,255247.64999999997,235811.40000000002,0.12060506950122649,0.07655261258789639,0.044052456913330096,1.575453344100436,0.004757465,0.004092239000141874,0.008616258148935673,caimento_ruim,0.09979633401221996,modelagem_ruim,0.07671418873048201,tamanho_grande,0.0746775288526816,0.25118805159538354,Rust Brown,0.2919212491513917,M,0.3075356415478615,353,310,Estável,"Pedi ajuda pelo chat da Insider, que me sugeriu este tamanho, porem nao serviu. || Ficou grande || Corte extremamente cavado, deixando o corpo exposto,  não estava evidente nas fotos da propagando. || Ficou grande
 || Não ficou bom no corpo, não gostei e me deixa desconfortável. || Achei o tecido muito grosso e quente. Caimento também não ficou legal || Cada roupa de vcs tem um padrão.. tem peça P que ficou grande e peça M que ficou pequena  || Excelente qualidade. || Ao experimentar, a peça não ficou da forma como eu esperava no corpo.  || A pessoa quis devolver","Top problemas: caimento_ruim, modelagem_ruim, tamanho_grande. Top 3 concentram 25.1% das reversas com tag. Tendência: Estável.","{""cluster"":""Long tail"",""product_name"":""Structure Tank Feminino"",""first_sale_date"":""2023-06-14"",""skp_state"":""ativo_perene"",""num_colors"":9,""category_1"":""Woman"",""category_2"":""Woman Casual"",""category_3"":""Woman Casual Top"",""category_4"":""Woman Casual Top Tank Top"",""revenue_after_discounts"":2015353.91,""qt_sold"":15610.999999999991,""mc3_ratio"":0.18882298078808038,""num_products_cat4"":16,""pctl_category_relevance_company"":94.230769230769226,""viabilidade_financeira_raw"":0.16718238921671241,""pctl_revenue_company"":73.529411764705884,""pctl_revenue_cat4"":76.923076923076934,""pctl_volume_company"":72.058823529411768,""pctl_viabilidade_company"":71.568627450980387,""manual_classification"":null,""aging"":89.7419796107027,""is_hero"":false,""is_core"":false,""processed_at"":""2026-06-12""}"
Shorts Esportivo Serotonin Feminino,Shorts Esportivo,female,Long tail,Monitorar,0.6984347826086956,0.8695652173913043,0.44173913043478263,4435,15,4783,891342.82,947,955.0,619,313,891,2,175795.60999999996,159390.71,0.19966548191511604,0.10682220328986172,0.09284327862525432,1.8691383978789913,0.002541154,0.0016004234781421569,0.005578662055751572,tamanho_pequeno,0.09503695881731784,caimento_ruim,0.08870116156282999,modelagem_ruim,0.0791974656810982,0.26293558606124606,Preto,0.617740232312566,M,0.3833157338965153,294,257,Estável,"Usei como referencia outra bermuda da insider que tenho M, mas essa ficou pequena  || Ficou pequeno. || Não ficou bom no meu corpo  || Um pouco apertado na coxa. || Não gostei  || O short faz barulho e fundo é curto, a modelagem é estranha || Vou preferir trocar por outra produto || Achei o caimento muito ruim pro meu corpo || Troca por tamanho maior || O short tamanho M, na cor marrom, apresenta um problema de costura no lado direito. Ao vestir, a costura fica “embolada”, comprometendo o caimento da peça. O tamanho está correto, porém, por se tratar de um modelo com proposta mais confortável, o acabamento acaba prejudicando o uso.","Top problemas: tamanho_pequeno, caimento_ruim, modelagem_ruim. Top 3 concentram 26.3% das reversas com tag. Há concentração relevante na cor Preto. Tendência: Estável.","{""cluster"":""Long tail"",""product_name"":""Shorts Esportivo Serotonin Feminino"",""first_sale_date"":""2024-09-30"",""skp_state"":""ativo_perene"",""num_colors"":6,""category_1"":""Woman"",""category_2"":""Woman Fitness/Sportswear"",""category_3"":""Woman Fitness/Sportswear Bottoms"",""category_4"":""Woman Fitness/Sportswear Bottoms Shorts"",""revenue_after_discounts"":1197328.05,""qt_sold"":7228.99999999965,""mc3_ratio"":0.21396093338389127,""num_products_cat4"":6,""pctl_category_relevance_company"":65.384615384615387,""viabilidade_financeira_raw"":-0.14734020176246454,""pctl_revenue_company"":65.196078431372555,""pctl_revenue_cat4"":75,""pctl_volume_company"":60.294117647058819,""pctl_viabilidade_company"":24.509803921568626,""manual_classification"":null,""aging"":161.84749390824939,""is_hero"":false,""is_core"":false,""processed_at"":""2026-06-12""}"
Daily T-shirt Masculino,T-shirt,male,Hero,Alerta em produto relevante,0.6977391304347826,0.528695652173913,0.951304347826087,58474,25,103815,10130011.38,4500,5232.0,3260,1155,4030,72,791035.3333333333,436505.16000000003,0.05039734142464962,0.05496738950982482,-0.0045700480851752,0.9168589207905107,0.028879927,0.03473718657397617,0.03056288992219081,tamanho_pequeno,0.03244444444444444,caimento_ruim,0.029111111111111112,tamanho_grande,0.028444444444444446,0.09,Preto,0.42155555555555557,G,0.312,817,1057,Estável,"Ficou grande || Não localizei a tabela de medidas || Era um presente para meu marido e ele não gostou do material || Claramente as manchas e cheiro ruim foram devidos ao pacote de PAPEL chegar violado e úmido. A peça chegou úmida. || um pouco grosso || Comprei para meu marido tamanho errado. || o comprimento ficou grande || ficou pequeno || Fiz o pedido de duas pretas no tamanho G, porém veio uma G e outra XXG || A camiseta GG ficou excelente, a qualidade da roupa é muito superior a que imaginava, principalmente pelo preço e recomendacao de muitas pessoas, apenas o tamanho foi problema, a GG ficou boa e a XGG ficou muito grande","Top problemas: tamanho_pequeno, caimento_ruim, tamanho_grande. Top 3 concentram 9% das reversas com tag. Tendência: Estável.","{""cluster"":""Hero"",""product_name"":""Daily T-shirt Masculino"",""first_sale_date"":""2021-05-08"",""skp_state"":""ativo_perene"",""num_colors"":14,""category_1"":""Man"",""category_2"":""Man Casual"",""category_3"":""Man Casual Top"",""category_4"":""Man Casual Top T-Shirt"",""revenue_after_discounts"":36460232.53,""qt_sold"":470057.99999999959,""mc3_ratio"":0.19096329497185069,""num_products_cat4"":48,""pctl_category_relevance_company"":100,""viabilidade_financeira_raw"":-0.059162259115926596,""pctl_revenue_company"":99.019607843137265,""pctl_revenue_cat4"":94.117647058823522,""pctl_volume_company"":99.509803921568633,""pctl_viabilidade_company"":39.705882352941174,""manual_classification"":null,""aging"":20.441656102528906,""is_hero"":true,""is_core"":false,""processed_at"":""2026-06-12""}"
Vestido Tube Dress Curto Feminino,Vestido,female,Lancamento,Monitorar,0.6965217391304347,0.8617391304347826,0.44869565217391305,4063,10,4205,1116448.23,895,895.0,600,277,801,0,197459.76,140506.09,0.21284185493460167,0.16338701443356385,0.04945484050103782,1.3026852572861418,0.003182913,0.0014070208500078967,0.005228170198845713,tamanho_pequeno,0.17094972067039105,caimento_ruim,0.12849162011173185,modelagem_ruim,0.07262569832402235,0.37206703910614525,Preto,0.5396648044692738,M,0.38324022346368714,319,414,Estável,"Não vestiu bem
 || ótimo prazo e ótimo produto  || O vestido não teve o caimento que eu esperava. || Acho que a foto do site está muito diferente do produto || Visto P mesmo, mas ficou justo e me incomodou, mas vou conseguir usar  || Entrega rápida produto excelente porém ficou pequeno  || A peça serviu, mas prefiro que fique um pouco mais solta no corpo || Ficou apertado, colado  || Usei como base outro vestido que tenho da insider  || Não ficou bom no meu corpo","Top problemas: tamanho_pequeno, caimento_ruim, modelagem_ruim. Top 3 concentram 37.2% das reversas com tag. Há concentração relevante na cor Preto. Tendência: Estável.","{""cluster"":""Lancamento"",""product_name"":""Vestido Tube Dress Curto Feminino"",""first_sale_date"":""2025-11-19"",""skp_state"":""ativo_em_lancamento"",""num_colors"":2,""category_1"":""Woman"",""category_2"":""Woman Casual"",""category_3"":""Woman Casual Dresses"",""category_4"":""Woman Casual Dresses Dress Mini"",""revenue_after_discounts"":936186.92,""qt_sold"":4288.0000000000273,""mc3_ratio"":0.24736391491389334,""num_products_cat4"":4,""pctl_category_relevance_company"":46.153846153846153,""viabilidade_financeira_raw"":-0.18006235710332041,""pctl_revenue_company"":62.254901960784316,""pctl_revenue_cat4"":33.333333333333329,""pctl_volume_company"":52.450980392156865,""pctl_viabilidade_company"":19.607843137254903,""manual_classification"":null,""aging"":59.146475041085992,""is_hero"":false,""is_core"":false,""processed_at"":""2026-06-12""}"
Camiseta Henley Core Masculino,T-shirt,male,Core,Alerta em produto relevante,0.6916521739130435,0.5904347826086956,0.8434782608695652,21078,25,28976,5304641.68,1792,1859.0,1279,475,1595,22,465822.035,260894.364,0.06415654334621756,0.05496738950982482,0.009189153836392745,1.1671746451548384,0.015123148,0.009695561510066305,0.010859406033133163,tamanho_grande,0.04352678571428571,caimento_ruim,0.04017857142857143,modelagem_ruim,0.033482142857142856,0.1171875,Preto,0.3599330357142857,M,0.29408482142857145,374,442,Estável,"não gostei da gola, achei estruturada demais || Tamanho grande  || sensacao do toque nao satisfez || Comprei o msm tamanho da camiseta encorpado e ficou grande || tecido muito encorpado || É a camisa mais horrorosa que já vi na vida . || Camisa tem costura e acabamento  um pouco grosseiro e acaba não ficando boa no corpo. Tenho várias Tshirts de vocês e adoro, mas esse malha na cor branca não fica legal. A preta dá para usar porque não fica tão marcado a costura e acabamento.  || Cor diferente || Material de ótima qualidade. Não sei se a cor, mas a sensação parecida com um pijama || Não achei o material confortável como esperado.","Top problemas: tamanho_grande, caimento_ruim, modelagem_ruim. Top 3 concentram 11.7% das reversas com tag. Tendência: Estável.","{""cluster"":""Core"",""product_name"":""Camiseta Henley Core Masculino"",""first_sale_date"":""2024-07-03"",""skp_state"":""ativo_perene"",""num_colors"":6,""category_1"":""Man"",""category_2"":""Man Casual"",""category_3"":""Man Casual Top"",""category_4"":""Man Casual Top T-Shirt"",""revenue_after_discounts"":6881754.82,""qt_sold"":39713.999999999942,""mc3_ratio"":0.28034666676067632,""num_products_cat4"":48,""pctl_category_relevance_company"":100,""viabilidade_financeira_raw"":0.068926799091357183,""pctl_revenue_company"":92.156862745098039,""pctl_revenue_cat4"":70.588235294117652,""pctl_volume_company"":87.745098039215691,""pctl_viabilidade_company"":61.274509803921575,""manual_classification"":null,""aging"":54.126820898111653,""is_hero"":false,""is_core"":true,""processed_at"":""2026-06-12""}"
Saia Envelope Breeze Feminino,Saia,female,Core,Alerta em produto relevante,0.6819130434782608,0.6565217391304348,0.72,14733,6,15123,3196381.84,1694,1701.0,952,725,1456,6,282830.36,305272.34,0.11247768299940487,0.11900075496117342,-0.006523071961768545,0.9451846169892213,0.009112652,0.005060255960682383,0.009936444143281072,caimento_ruim,0.1115702479338843,modelagem_ruim,0.07319952774498228,tecido_fino,0.07201889020070838,0.256788665879575,Preto,0.6735537190082644,P/M,0.756198347107438,602,448,Aumentou nos últimos 3 meses,"A saia envelope tem pouco tecido para envelopar o corpo, ficando o racho muito aberto ao sentar || Escolhi o tamanho P, mas para algumas amarrações acredito que o tamanho M ficará melhor. Tbm gostaria de trocar a cor.  || Não me vestiu bem  || Comprei um modelo de saia achando que era outro. || Ficou pequeno. Inclusive já fiz um pedido com o número maior e ficou ótimo.  || Não achei que o tecido fosse tao fino, fica diferente da foto  || Não gostei do tecido. || Muito longo || Adorei tudo,tecidos incríveis,saia abre no transpasse, modelagem não se adequou || Achei que a saia marca muito.","Top problemas: caimento_ruim, modelagem_ruim, tecido_fino. Top 3 concentram 25.7% das reversas com tag. Há concentração relevante na cor Preto. Há concentração relevante no tamanho P/M. Tendência: Aumentou nos últimos 3 meses.","{""cluster"":""Core"",""product_name"":""Saia Envelope Breeze Feminino"",""first_sale_date"":""2023-10-05"",""skp_state"":""ativo_perene"",""num_colors"":4,""category_1"":""Woman"",""category_2"":""Woman Casual"",""category_3"":""Woman Casual Bottoms"",""category_4"":""Woman Casual Bottoms Skirts Midi"",""revenue_after_discounts"":2924330.83,""qt_sold"":15406.999999999995,""mc3_ratio"":0.26161129507565473,""num_products_cat4"":4,""pctl_category_relevance_company"":69.230769230769226,""viabilidade_financeira_raw"":0.12971774756093168,""pctl_revenue_company"":79.901960784313729,""pctl_revenue_cat4"":50,""pctl_volume_company"":71.568627450980387,""pctl_viabilidade_company"":69.117647058823522,""manual_classification"":null,""aging"":43.167831103397305,""is_hero"":false,""is_core"":true,""processed_at"":""2026-06-12""}"
Structure Cropped Feminino,Cropped,female,Long tail,Monitorar,0.6702608695652174,0.808695652173913,0.4626086956521739,7424,15,8501,766561.29,1216,1219.0,791,398,1138,2,182421.69,166703.99,0.14339489471826844,0.10426281509600759,0.039132079622260854,1.3753215332448787,0.002185411,0.002844490902715132,0.007120826226137346,tamanho_pequeno,0.0756578947368421,caimento_ruim,0.046052631578947366,modelagem_ruim,0.03042763157894737,0.15213815789473684,Off White,0.5287828947368421,P,0.40625,237,247,Estável,"achei muito curta e apertada || Tecido muito grosso  || Desejo trocar por um tamanho maior. || Achei o tecido muito rígido || Blusa muito apertada e sem elasticidade  na gola o que dificulta muito para vestir || No site a cor parecia outra, a que recebi é bem amarelada, não era o que eu esperava. || Não amei || Não gostei da cor e caimento || Eu queria mais próximo do branco ou offwhite, mas a cor real é bem creme. || é um marrom muito claro","Top problemas: tamanho_pequeno, caimento_ruim, modelagem_ruim. Top 3 concentram 15.2% das reversas com tag. Há concentração relevante na cor Off White. Tendência: Estável.","{""cluster"":""Long tail"",""product_name"":""Structure Cropped Feminino"",""first_sale_date"":""2023-06-14"",""skp_state"":""ativo_perene"",""num_colors"":9,""category_1"":""Woman"",""category_2"":""Woman Casual"",""category_3"":""Woman Casual Top"",""category_4"":""Woman Casual Top Cropped"",""revenue_after_discounts"":1198371.03,""qt_sold"":14525.999999999996,""mc3_ratio"":0.021871905659729886,""num_products_cat4"":8,""pctl_category_relevance_company"":84.615384615384613,""viabilidade_financeira_raw"":0.10286044910074413,""pctl_revenue_company"":65.686274509803923,""pctl_revenue_cat4"":42.857142857142854,""pctl_volume_company"":70.098039215686271,""pctl_viabilidade_company"":67.64705882352942,""manual_classification"":null,""aging"":110.00032549085941,""is_hero"":false,""is_core"":false,""processed_at"":""2026-06-12""}"
Future Shorts 200 Masculino,Bermuda,male,Hero,Alerta em produto relevante,0.6645217391304348,0.6147826086956523,0.7391304347826086,12983,20,15334,3618573.0,1662,1679.0,1018,612,1477,11,396687.89999999985,380311.8499999999,0.10949523933742011,0.13273661395199488,-0.02324137461457476,0.8249060758549999,0.010316289,0.00513085795815008,0.00980793046241559,modelagem_ruim,0.07701564380264742,caimento_ruim,0.05956678700361011,tamanho_grande,0.05354993983152828,0.1901323706377858,Preto,0.4019253910950662,M,0.36462093862815886,321,763,Caiu nos últimos 3 meses,"Não atendeu as expectativas || O material não corresponde a alfaiataria.  || Era informado como similar a alfaiataria mas é um shorts de academia normal, também não veio a camisa de brinde, mas tudo bem pois devolveria já pelo short. || Não gostei do caimento e do material || Esperava um shorts mais alfaiataria e menos praia. Achei excelente para praia, mas não era minha intenção ao compra-lo. || Solicitação reembolso por estorno obrigado  || A cor não é o que eu imaginava e o tamanho pra mim não é o ideal. Tenho um G e fica um pouco largo e este que é M fica meio curto. || Imaginei que por ser o short esportivo Endorphine, M, o mesmo tamanho se aplicaria à bermuda. || Apesar de seguir as indicações de tamanho, e basear a escolha em outros produtos que tenho, algo saiu errado, a peça ficou muito grande para meu tamanho. || Poderia ser mais bem acabada. Com botão ao invés de elastico ","Top problemas: modelagem_ruim, caimento_ruim, tamanho_grande. Top 3 concentram 19% das reversas com tag. Tendência: Caiu nos últimos 3 meses.","{""cluster"":""Hero"",""product_name"":""Future Shorts 200 Masculino"",""first_sale_date"":""2022-04-29"",""skp_state"":""ativo_perene"",""num_colors"":10,""category_1"":""Man"",""category_2"":""Man Casual"",""category_3"":""Man Casual Bottoms"",""category_4"":""Man Casual Bottoms Bermudas/Shorts"",""revenue_after_discounts"":4180189.58,""qt_sold"":18921.00000000131,""mc3_ratio"":0.2963436618764988,""num_products_cat4"":3,""pctl_category_relevance_company"":73.076923076923066,""viabilidade_financeira_raw"":-0.10212893264760337,""pctl_revenue_company"":85.294117647058826,""pctl_revenue_cat4"":100,""pctl_volume_company"":75.980392156862735,""pctl_viabilidade_company"":31.372549019607842,""manual_classification"":null,""aging"":107.31628637206961,""is_hero"":true,""is_core"":false,""processed_at"":""2026-06-12""}"
Stirrup Legging Feminino,Calça Legging,female,Long tail,Alerta em produto relevante,0.6513043478260869,0.5973913043478261,0.7321739130434782,15141,5,15424,3282357.63,1512,1519.0,762,736,1388,1,206831.87999999995,256931.52000000005,0.09848288381742738,0.10406332453825858,-0.005580440720831192,0.9463745681238585,0.009357763,0.0051609725542263495,0.008873285510666636,tamanho_grande,0.0992063492063492,caimento_ruim,0.09259259259259259,comprimento_longo,0.06944444444444445,0.2612433862433862,Preto,1.0,M,0.3425925925925926,1007,266,Aumentou nos últimos 3 meses,"Não deu certo o elastico do pe || Ideal para mim seria o tamanho PP. Havia ficado em dúvida na hora do pedido.  || Ficou muito comprida  || Tamanho grande. Seria lega ter referência de peso e altura das pessoas que compraram e tiveram sucesso, como na SHEIN  || Boa noite. Estou devolvendo apenas pq ficou grande.  || Achei que o material da calça se parecesse menos com o de uma calça de ginástica || Não era o tecido que pensei que fosse  || Desisti da compra || Não.  || Oie! Estou gestante, então esqueci que estou aumentando hehehe! ","Top problemas: tamanho_grande, caimento_ruim, comprimento_longo. Top 3 concentram 26.1% das reversas com tag. Há concentração relevante na cor Preto. Tendência: Aumentou nos últimos 3 meses.","{""cluster"":""Long tail"",""product_name"":""Stirrup Legging Feminino"",""first_sale_date"":""2023-05-15"",""skp_state"":""ativo_perene"",""num_colors"":1,""category_1"":""Woman"",""category_2"":""Woman Fitness/Sportswear"",""category_3"":""Woman Fitness/Sportswear Bottoms"",""category_4"":""Woman Fitness/Sportswear Bottoms Leggings/Pants"",""revenue_after_discounts"":3200821.19,""qt_sold"":16171.000000000018,""mc3_ratio"":0.19191927025898328,""num_products_cat4"":6,""pctl_category_relevance_company"":80.769230769230774,""viabilidade_financeira_raw"":-0.088823906452810658,""pctl_revenue_company"":81.372549019607845,""pctl_revenue_cat4"":80,""pctl_volume_company"":73.0392156862745,""pctl_viabilidade_company"":32.352941176470587,""manual_classification"":null,""aging"":70.398590972455679,""is_hero"":false,""is_core"":false,""processed_at"":""2026-06-12""}"
Tech T-shirt Gola U Feminino,T-shirt,female,Hero,Não priorizar agora,0.6474782608695653,0.47043478260869565,0.9130434782608695,51136,37,77840,8270592.04,3186,3361.0,2160,946,2897,20,604934.3583333333,432394.48000000004,0.04317831449126413,0.05496738950982482,-0.01178907501856069,0.785526015994383,0.023578857,0.0260457795397419,0.019633385517676474,tamanho_pequeno,0.052102950408035156,caimento_ruim,0.03483992467043315,cor_diferente_site,0.022284996861268048,0.10922787193973635,Preto,0.2812303829252982,G,0.3050847457627119,693,772,Estável,"Prezados, minha camiseta está descosturando em mais de um ponto. Segue imagens. Obrigada!  || Esperava mais || Já comprei outras tech t-shirts tamanho g e essa parece que está menor. Vou trocar pela gg e aproveitar para trocar a cor Tb. || Forma pequena || Gostei da qualidade, mas ao provar ficou muito justa e achei o offwite transparente, além disso, estou grávida, então a tendência é que fique ainda mais apertada com o passar do tempo, por isso pedi 2 tamanhos acima. || Ficou grande para a pessoa que comprei || Tecido modal não gostei || Tudo perfeito, mas o tamanho pequeno.  || Não gostei da cor ao vivo || A camiseta ficou muito comprida.","Top problemas: tamanho_pequeno, caimento_ruim, cor_diferente_site. Top 3 concentram 10.9% das reversas com tag. Tendência: Estável.","{""cluster"":""Hero"",""product_name"":""Tech T-shirt Gola U Feminino"",""first_sale_date"":""2021-05-13"",""skp_state"":""ativo_perene"",""num_colors"":27,""category_1"":""Woman"",""category_2"":""Woman Casual"",""category_3"":""Woman Casual Top"",""category_4"":""Woman Casual Top T-Shirt"",""revenue_after_discounts"":12572212.88,""qt_sold"":113158.99999999999,""mc3_ratio"":0.21083135956384136,""num_products_cat4"":30,""pctl_category_relevance_company"":98.076923076923066,""viabilidade_financeira_raw"":0.025746393281041585,""pctl_revenue_company"":95.588235294117652,""pctl_revenue_cat4"":100,""pctl_volume_company"":96.568627450980387,""pctl_viabilidade_company"":53.431372549019606,""manual_classification"":null,""aging"":127.64644957871312,""is_hero"":true,""is_core"":false,""processed_at"":""2026-06-12""}"
Cueca Boxer Performance Anti Suor Masculino,Cueca,male,Long tail,Não priorizar agora,0.6325217391304347,0.4547826086956521,0.8991304347826087,27506,7,86487,5551139.99,861,2373.0,645,190,780,11,163848.63733333332,105401.06233333334,0.027437649588955566,0.02260982533801665,0.004827824250938917,1.2135277110177984,0.015825897,0.0289391230094252,0.01386195294062668,defeito_costura,0.08826945412311266,defeito_furo_rasgo,0.053426248548199766,tecido_qualidade_ruim,0.04065040650406504,0.18234610917537747,Preto,1.0,G,0.2938443670150987,173,257,Caiu nos últimos 3 meses,"Muito decepcionada com a qualidade da cueca, pouquíssimo tempo de uso e já tem furos no tecido!! || Puxa vida, estou realmente decepcionado com a marca, sempre usei essa cueca e nunca, quando eu digo nunca é nunca mesmo tive problemas com custuras na peça, e no dia que recebi a mercadoria e utilizei a primeira peça ela se abriu. Eu pergunto será que as outras 4 peças será da mesma forma. Porque ainda não usei para saber || Primeira compra que vem danificado  || Após a primeira lavagem, identifiquei costura aberta em uma das peças  || Comprei errado, ao finalizar a comprar entrei em contato mas não foi possível fazer a troca. || Comprei tds no tamanho XGG e veio duas GG  || Foi um presente para meu marido que compra sempre na insider. Primeira vez que compramos a cueca, ele colocou e já no primeiro uso rasgou, ficamos decepcionados. Não sei se tem como trocar, mas gostaríamos porque foi cara e durou uma única vez. || Eu gostei da cueca, é boa de se usar, o problema é que após 2 lavagens feira da maneira correta a cueca apresentou defeitos  || Veio dias leggins em vez das 3 cuecas. || Não","Top problemas: defeito_costura, defeito_furo_rasgo, tecido_qualidade_ruim. Top 3 concentram 18.2% das reversas com tag. Há concentração relevante na cor Preto. Tendência: Caiu nos últimos 3 meses.","{""cluster"":""Long tail"",""product_name"":""Cueca Boxer Performance Anti Suor Masculino"",""first_sale_date"":""2021-05-25"",""skp_state"":""ativo_perene"",""num_colors"":1,""category_1"":""Man"",""category_2"":""Man Underwear"",""category_3"":""Man Underwear Bottoms"",""category_4"":""Man Underwear Bottoms Underpants"",""revenue_after_discounts"":5763072.88,""qt_sold"":87842.999999999854,""mc3_ratio"":0.12517654224645824,""num_products_cat4"":7,""pctl_category_relevance_company"":96.15384615384616,""viabilidade_financeira_raw"":-0.26074392262125207,""pctl_revenue_company"":89.2156862745098,""pctl_revenue_cat4"":60,""pctl_volume_company"":94.117647058823522,""pctl_viabilidade_company"":11.274509803921569,""manual_classification"":null,""aging"":74.3314534166882,""is_hero"":false,""is_core"":false,""processed_at"":""2026-06-12""}"
Tech T-shirt Gola V Masculino,T-shirt,male,Hero,Não priorizar agora,0.6293913043478261,0.43913043478260866,0.9147826086956521,43546,45,77657,8680370.6,2820,3070.0,2072,693,2564,48,573469.22,255160.14500000002,0.039532817389288794,0.05496738950982482,-0.015434572120536026,0.7192049275365848,0.024747106,0.02598454652772015,0.017933500011683062,tamanho_pequeno,0.02801418439716312,tamanho_grande,0.02304964539007092,modelagem_ruim,0.015957446808510637,0.06702127659574468,Preto,0.36631205673758865,G,0.2868794326241135,574,560,Estável,"essa foi a minha primeira compra, em minha casa lavo roupas em maquina mas com sapao neutro e sem amaciantes, onde seca não pega sol, é totalmente na sombra, entretando o resultado foi esse, manchas como um queimado, gostaria de não ter a insatisfação em perder o produto pois foi a minha primeira compra, detalhe, usei cada uma por menos de 5 horas, tambem sem pegar sol....uso em escritorio, climatizado e com todo o conforto adequado. Não uso agua morna, nem quente e tentei lavar novamente a roupa, para não ter que acionar voces. || Pequena || nao gostei || Quero trocar por XGG || quero trocar por outra com tamanho GG || Ficou transparente só quero trocar a cor 
Gostei muito das outras  || Na verdade, o motivo é arrependimento pela compra.  || Tamanho correto, porém mangas não se ajustam bem || Tecido muito fino. || Bom dia! Eu recebi as 3 camisetas Gola V na cor errada. Eu havia comprado na cor preta. Outra coisa, o valor da compra é de R$72,85, porque eu tinha um cupom de uma outra compra que já era troca. Ou seja, o valor estornado tem que ser os R$72,85 + R$299,00, totalizando R$ 371,85.","Top problemas: tamanho_pequeno, tamanho_grande, modelagem_ruim. Top 3 concentram 6.7% das reversas com tag. Tendência: Estável.","{""cluster"":""Hero"",""product_name"":""Tech T-shirt Gola V Masculino"",""first_sale_date"":""2021-11-21"",""skp_state"":""ativo_perene"",""num_colors"":23,""category_1"":""Man"",""category_2"":""Man Casual"",""category_3"":""Man Casual Top"",""category_4"":""Man Casual Top T-Shirt"",""revenue_after_discounts"":12782258.64,""qt_sold"":114583.00000000003,""mc3_ratio"":0.17144175077226165,""num_products_cat4"":48,""pctl_category_relevance_company"":100,""viabilidade_financeira_raw"":-0.1973346030477158,""pctl_revenue_company"":96.568627450980387,""pctl_revenue_cat4"":76.470588235294116,""pctl_volume_company"":97.058823529411768,""pctl_viabilidade_company"":17.647058823529413,""manual_classification"":null,""aging"":67.69219035200959,""is_hero"":true,""is_core"":false,""processed_at"":""2026-06-12""}"
Cueca Boxer Comfort Simples Masculino,Cueca,male,Long tail,Não priorizar agora,0.6168695652173913,0.4078260869565217,0.9304347826086957,42278,16,122209,6695190.58,1376,2504.0,1074,259,1298,12,193353.11266666665,100688.43916666666,0.020489489317480708,0.02260982533801665,-0.0021203360205359414,0.9062205926478006,0.019087502,0.04089194079871939,0.014627193494871136,defeito_furo_rasgo,0.1613372093023256,tecido_qualidade_ruim,0.10392441860465117,defeito_costura,0.07630813953488372,0.34156976744186046,Preto,0.45930232558139533,G,0.34084302325581395,225,468,Caiu nos últimos 3 meses,"Gostei da Compra, produto muito bom, porém ficou grande || Recebi o produto incorreto, recebi um top ao invés da cuéca || Rasgo no tecido ao vestir pela 1a vez  || Depois de apenas uma vez utilizada a peça já apresentou um rasgo na costura. || Recebi recentemente de presente de Dia dos Pais 2 cuecas e 2 camisetas da Insider. Gostaria de registrar minha decepção, pois após utilizar uma das cuecas pela primeira vez e lavá-la à mão, ela acabou descosturando.
O tamanho do produto está perfeito e, à primeira vista, a qualidade aparentava ser ótima. No entanto, considerando que pagou-se R$ 80,00 pela peça e ela durou apenas um único uso, acredito que não seja justo.
Dessa forma, gostaria de saber como proceder para realizar a troca, visto que comprei (ou, no caso, recebi) o produto justamente pela reputação de qualidade da marca e acredito que esse defeito não condiz com o padrão esperado.
Aguardo um retorno com as orientações para o processo de troca. || Comprei 2 modelos de cueca, uma da performance e as outras normais. A performance ficou justa , perfeita, as outras ficaram bem soltas, quero todas performance por serem mais justas ao corpo , estas começaram a enrolar na perna  || Ficou grande  || Não serviu || Fotos enviadas no ticket - 1989389 || prefiro um tamanho mais justo, com alguma compressão","Top problemas: defeito_furo_rasgo, tecido_qualidade_ruim, defeito_costura. Top 3 concentram 34.2% das reversas com tag. Tendência: Caiu nos últimos 3 meses.","{""cluster"":""Long tail"",""product_name"":""Cueca Boxer Comfort Simples Masculino"",""first_sale_date"":""2021-06-12"",""skp_state"":""ativo_perene"",""num_colors"":9,""category_1"":""Man"",""category_2"":""Man Underwear"",""category_3"":""Man Underwear Bottoms"",""category_4"":""Man Underwear Bottoms Underpants"",""revenue_after_discounts"":8134441.48,""qt_sold"":138349.99999999994,""mc3_ratio"":0.037991724144459033,""num_products_cat4"":7,""pctl_category_relevance_company"":96.15384615384616,""viabilidade_financeira_raw"":-0.29515108560219194,""pctl_revenue_company"":93.137254901960787,""pctl_revenue_cat4"":100,""pctl_volume_company"":97.549019607843135,""pctl_viabilidade_company"":8.3333333333333321,""manual_classification"":null,""aging"":56.64354465997787,""is_hero"":false,""is_core"":false,""processed_at"":""2026-06-12""}"
Vestido Midi de Alça FutureForm Feminino,Vestido,female,Long tail,Monitorar,0.6111304347826086,0.76,0.38782608695652177,3000,13,3072,902286.73,534,535.0,326,197,470,0,118964.49,123338.72000000002,0.17415364583333334,0.16338701443356385,0.010766631399769494,1.0658964938988307,0.002572354,0.0010279115460699784,0.003125219057410566,caimento_ruim,0.2247191011235955,tamanho_grande,0.14232209737827714,modelagem_ruim,0.1348314606741573,0.50187265917603,Preto,0.5205992509363296,M,0.4044943820224719,156,378,Caiu nos últimos 3 meses,"Não gostei no modelo no meu corpo  || Houve arrependimento pois no corpo da minha esposa ficou muito grande o vestido. Teria que ter um comprimento menor || Adorei o vestido.  O tamanho menor ficará perfeito! || Quero  || Primeira compra. Conhecendo tecidos, modelos, etc. Pretendo tentar novamente  || Achei que ele fosse no mesmo tecido do outro vestido da Insider. Pode ter sido falha minha de não ter identificado, mas mesmo assim, quero manter a peça. || O vestido foi entregue na cor errada, veio verde, mas também não vestiu bem. || O tamanho do vestido é grande  || não caiu bem no meu corpo  || Não ","Top problemas: caimento_ruim, tamanho_grande, modelagem_ruim. Top 3 concentram 50.2% das reversas com tag. Há concentração relevante na cor Preto. Tendência: Caiu nos últimos 3 meses.","{""cluster"":""Long tail"",""product_name"":""Vestido Midi de Alça FutureForm Feminino"",""first_sale_date"":""2025-12-05"",""skp_state"":""ativo_perene"",""num_colors"":3,""category_1"":""Woman"",""category_2"":""Woman Casual"",""category_3"":""Woman Casual Dresses"",""category_4"":""Woman Casual Dresses Dress Midi"",""revenue_after_discounts"":795689.51,""qt_sold"":3038.9999999999718,""mc3_ratio"":0.31555529777418134,""num_products_cat4"":5,""pctl_category_relevance_company"":61.53846153846154,""viabilidade_financeira_raw"":0.047577429580835391,""pctl_revenue_company"":59.803921568627452,""pctl_revenue_cat4"":0,""pctl_volume_company"":46.568627450980394,""pctl_viabilidade_company"":58.333333333333336,""manual_classification"":null,""aging"":28.004206637353807,""is_hero"":false,""is_core"":false,""processed_at"":""2026-06-12""}"
NEXTECH T-shirt Masculino,T-shirt,male,Core,Monitorar,0.6106086956521739,0.6095652173913044,0.6121739130434782,9502,12,12521,1894685.94,933,987.0,677,237,821,3,177470.92500000002,123351.116,0.07882756968293267,0.05496738950982482,0.02386018017310785,1.4340788308464805,0.005401612,0.0041896095274551425,0.005765591046101362,tamanho_grande,0.06966773847802786,tecido_transparente,0.06966773847802786,caimento_ruim,0.055734190782422297,0.19506966773847803,Off White,0.4630225080385852,G,0.3665594855305466,250,362,Caiu nos últimos 3 meses,"Restante tudo perfeito  || O pano fica transparente. || Gostamos do produto queremos trocar a cor || Já comprei algumas camisas ai, mas essa ficou gigante no comprimento || Ficou apertado || Tamanho ficou grande ||  o modelo nextech  é maior que o modelo da tech-tshirt. achamos que por isso nao deu certo o tamanho GG. || Produto enviado nao condiz com o produto comprado. Enviaram camiseta feminina Azul ao invés da camiseta Branca NEXTECH que foi adquirida.  || Branco muito transparente. || troca realizada com sucesso e atenção da insider ","Top problemas: tamanho_grande, tecido_transparente, caimento_ruim. Top 3 concentram 19.5% das reversas com tag. Tendência: Caiu nos últimos 3 meses.","{""cluster"":""Core"",""product_name"":""NEXTECH T-shirt Masculino"",""first_sale_date"":""2025-10-01"",""skp_state"":""ativo_perene"",""num_colors"":3,""category_1"":""Man"",""category_2"":""Man Casual"",""category_3"":""Man Casual Top"",""category_4"":""Man Casual Top T-Shirt"",""revenue_after_discounts"":2105204.73,""qt_sold"":14249.000000001397,""mc3_ratio"":0.31243193204625719,""num_products_cat4"":48,""pctl_category_relevance_company"":100,""viabilidade_financeira_raw"":0.027990458122099313,""pctl_revenue_company"":74.509803921568633,""pctl_revenue_cat4"":47.058823529411761,""pctl_volume_company"":69.6078431372549,""pctl_viabilidade_company"":53.921568627450981,""manual_classification"":null,""aging"":51.492280728229865,""is_hero"":false,""is_core"":true,""processed_at"":""2026-06-12""}"
The Perfect Top T-shirt Feminino,T-shirt,female,Long tail,Monitorar,0.6069565217391304,0.7530434782608696,0.38782608695652177,4406,12,5234,576836.45,600,637.0,379,207,540,0,84992.75000000001,95165.89,0.12170424149789835,0.05496738950982482,0.06673685198807353,2.214117180808542,0.001644519,0.0017513310651465711,0.0037210552141505246,tamanho_pequeno,0.13166666666666665,caimento_ruim,0.08666666666666667,modelagem_ruim,0.056666666666666664,0.275,Preto,0.655,M,0.39,272,281,Estável,"Pensei que o tecido era igual ao da cropped || Produto veio em bom estado, apenas ficou pequeno mesmo || Gostei do produto  || Não gostei do material da blusa || Material é mais esportivo, não fica bom para usar no dia a dia || Camiseta muito justa || Achei que era outro tecido  || Gostaria de outro tipo de material || Material diferente do esperado  || Não gostei de como a peça ficou no meu corpo","Top problemas: tamanho_pequeno, caimento_ruim, modelagem_ruim. Top 3 concentram 27.5% das reversas com tag. Há concentração relevante na cor Preto. Tendência: Estável.","{""cluster"":""Long tail"",""product_name"":""The Perfect Top T-shirt Feminino"",""first_sale_date"":""2025-11-14"",""skp_state"":""ativo_perene"",""num_colors"":3,""category_1"":""Woman"",""category_2"":""Woman Casual"",""category_3"":""Woman Casual Top"",""category_4"":""Woman Casual Top Tank Top"",""revenue_after_discounts"":537158.15,""qt_sold"":5086.9999999998126,""mc3_ratio"":0.14653995468274691,""num_products_cat4"":16,""pctl_category_relevance_company"":94.230769230769226,""viabilidade_financeira_raw"":-0.0056792731270047733,""pctl_revenue_company"":50.980392156862742,""pctl_revenue_cat4"":46.153846153846153,""pctl_volume_company"":55.882352941176471,""pctl_viabilidade_company"":50,""manual_classification"":null,""aging"":66.635346869244358,""is_hero"":false,""is_core"":false,""processed_at"":""2026-06-12""}"
Vestido Esportivo Rush Feminino,Vestido Esportivo,female,Long tail,Monitorar,0.6041739130434782,0.7843478260869564,0.3339130434782609,3554,10,3668,609075.05,811,812.0,505,294,764,0,129422.37999999996,108140.39,0.22137404580152673,0.22137404580152673,0.0,1.0,0.001736429,0.0012273370934194924,0.004743323130125944,tamanho_pequeno,0.12453760789149199,caimento_ruim,0.08754623921085081,modelagem_ruim,0.0690505548705302,0.281134401972873,Preto,0.8014796547472256,M,0.3625154130702836,154,223,Caiu nos últimos 3 meses,"Não gostei  || o material não estica, parece uma lona fina, de forma que nos seios, ainda que eu tenha pego G (meu tamanho) ficou mega apertado, e o restante do vestido ficou largo || Não ficou bem no meu corpo || Muito apertado na parte do busto e a parte da saia muito longa || O bojo aperta o seio e o restante fica largo || Mesmo motivo do anterior  || Ficou muito apertado na parte de cima pois tenho seios muito grande  || Fino demais o tecido || Eu amei demais o vestido, mas esse GG é mto pequeno  || Ficou apertado no peito","Top problemas: tamanho_pequeno, caimento_ruim, modelagem_ruim. Top 3 concentram 28.1% das reversas com tag. Há concentração relevante na cor Preto. Tendência: Caiu nos últimos 3 meses.","{""cluster"":""Long tail"",""product_name"":""Vestido Esportivo Rush Feminino"",""first_sale_date"":""2024-10-17"",""skp_state"":""ativo_perene"",""num_colors"":7,""category_1"":""Woman"",""category_2"":""Woman Fitness/Sportswear"",""category_3"":""Woman Fitness/Sportswear One Piece"",""category_4"":""Woman Fitness/Sportswear One Piece Dress"",""revenue_after_discounts"":1238342.79,""qt_sold"":8593.9999999996053,""mc3_ratio"":0.18068076564104535,""num_products_cat4"":1,""pctl_category_relevance_company"":38.461538461538467,""viabilidade_financeira_raw"":0.033621042919513316,""pctl_revenue_company"":66.17647058823529,""pctl_revenue_cat4"":50,""pctl_volume_company"":63.235294117647058,""pctl_viabilidade_company"":55.392156862745104,""manual_classification"":null,""aging"":205.8662854848294,""is_hero"":false,""is_core"":false,""processed_at"":""2026-06-12""}"
Chemise FutureForm Feminino,Vestido,female,Core,Monitorar,0.6031304347826087,0.6434782608695653,0.542608695652174,4844,10,4995,1717335.11,724,724.0,442,274,629,0,184288.66,164373.07,0.14494494494494495,0.16338701443356385,-0.0184420694886189,0.8871264674701687,0.004895998,0.0016713600822329236,0.004229268406664019,tamanho_grande,0.17403314917127072,caimento_ruim,0.09944751381215469,modelagem_ruim,0.05386740331491713,0.32734806629834257,Preto,0.7748618784530387,M,0.38812154696132595,263,274,Estável,"Eu não gostei de como ficou o caimento no meu corpo e o tecido não me agradou. || O Tecido é maravilhoso mas o tamanho P é equivalente ao M.
Infelizmente não deu certo || Esta peca não me atendeu como gostaria. || Nao gostei do modelo no corpo || apenas muito grande para o meu tamanho || Ficou muito comprido || Além de ficar muito grande, achei que o modelo não ficou bom em mim || Ficou muito comprida || Não gostei como ficou no meu corpo. || A esposa não gostou ","Top problemas: tamanho_grande, caimento_ruim, modelagem_ruim. Top 3 concentram 32.7% das reversas com tag. Há concentração relevante na cor Preto. Tendência: Estável.","{""cluster"":""Core"",""product_name"":""Chemise FutureForm Feminino"",""first_sale_date"":""2025-09-01"",""skp_state"":""ativo_perene"",""num_colors"":3,""category_1"":""Woman"",""category_2"":""Woman Casual"",""category_3"":""Woman Casual Dresses"",""category_4"":""Woman Casual Dresses Dress Long"",""revenue_after_discounts"":1811020.05,""qt_sold"":5824.9999999998172,""mc3_ratio"":0.21364794644294843,""num_products_cat4"":1,""pctl_category_relevance_company"":36.538461538461533,""viabilidade_financeira_raw"":-0.15264437691895943,""pctl_revenue_company"":71.078431372549019,""pctl_revenue_cat4"":50,""pctl_volume_company"":57.352941176470587,""pctl_viabilidade_company"":24.019607843137255,""manual_classification"":null,""aging"":91.478091399172428,""is_hero"":false,""is_core"":true,""processed_at"":""2026-06-12""}"
Performance T-shirt 2.0 Masculino,T-shirt,male,Long tail,Monitorar,0.6029565217391304,0.6095652173913044,0.5930434782608696,6943,20,10344,1842040.45,754,842.0,507,232,675,0,185056.06666666662,190855.71666666667,0.08139984532095901,0.05496738950982482,0.026432455811134188,1.480875225235313,0.005251524,0.003461170909032505,0.004918569058578872,tamanho_pequeno,0.08090185676392574,modelagem_ruim,0.058355437665782495,defeito_costura,0.04111405835543767,0.18037135278514588,Preto,0.39389920424403185,G,0.3885941644562334,253,256,Estável,"Tamanho G desta peça não passou pela cabeça  || Ficou ruim o caimento || Eu comprei uma XL meses atras e havia ficado apertada, achei que essa maior ficaria boa, porem ficou grande demais, pior do que a que havia ficado apertada || Não  || O tecido é bom, mas mesmo seguindo as instruções de lavagem, a camiseta desfiou na gola || Não era a camiseta básica que esperava.  || As informações já estão acima.  || Não gostei no meu corpo || Fiz o pedido do tamanho errado. || Nao era o modelo que eu queria","Top problemas: tamanho_pequeno, modelagem_ruim, defeito_costura. Top 3 concentram 18% das reversas com tag. Tendência: Estável.","{""cluster"":""Long tail"",""product_name"":""Performance T-shirt 2.0 Masculino"",""first_sale_date"":""2022-09-19"",""skp_state"":""ativo_perene"",""num_colors"":10,""category_1"":""Man"",""category_2"":""Man Fitness/Sportswear"",""category_3"":""Man Fitness/Sportswear Top"",""category_4"":""Man Fitness/Sportswear Top T-Shirt"",""revenue_after_discounts"":2414987.44,""qt_sold"":13971.00000000098,""mc3_ratio"":0.25442966364995495,""num_products_cat4"":6,""pctl_category_relevance_company"":82.6923076923077,""viabilidade_financeira_raw"":-0.18907188276454609,""pctl_revenue_company"":77.450980392156865,""pctl_revenue_cat4"":50,""pctl_volume_company"":68.627450980392155,""pctl_viabilidade_company"":19.117647058823529,""manual_classification"":null,""aging"":136.75712256722795,""is_hero"":false,""is_core"":false,""processed_at"":""2026-06-12""}"
Skin Cropped Feminino,Cropped,female,Long tail,Monitorar,0.5961739130434782,0.5808695652173912,0.6191304347826088,13195,14,17568,1444812.33,1614,1667.0,1056,520,1503,6,265060.37,220720.77000000002,0.09488843351548269,0.10426281509600759,-0.009374381580524893,0.9100889269880854,0.004119055,0.005878369154087688,0.009737832091034418,tamanho_pequeno,0.09355638166047088,tecido_transparente,0.04894671623296159,caimento_ruim,0.03345724907063197,0.17596034696406443,Preto,0.5024783147459727,M,0.3785625774473358,509,397,Aumentou nos últimos 3 meses,"Era um presente, a aniversariante ao experimentar verificou que estava pequeno. || Acho o tamanho da insider estranho eu to usando do p ao g 😱 dependen muito da peca || Ficou transparente e por isso vou pegar um tamanho maior ou outra peça.  || Muito curta  || Comprei 2x || Blusa ficou pequena || Ficou deselegante, preciso trocar pela GG || Eu adorei o produto mas ficou pequeno  || Tecido diferente do esperado , não gostei infelizmente , além de ser um tamamho pequeno tecido fino diferente do que eu achei que fosse  || Ficou muito justa e transparente ","Top problemas: tamanho_pequeno, tecido_transparente, caimento_ruim. Top 3 concentram 17.6% das reversas com tag. Há concentração relevante na cor Preto. Tendência: Aumentou nos últimos 3 meses.","{""cluster"":""Long tail"",""product_name"":""Skin Cropped Feminino"",""first_sale_date"":""2022-07-27"",""skp_state"":""ativo_perene"",""num_colors"":11,""category_1"":""Woman"",""category_2"":""Woman Casual"",""category_3"":""Woman Casual Top"",""category_4"":""Woman Casual Top Cropped"",""revenue_after_discounts"":2072739.95,""qt_sold"":25881.999999999975,""mc3_ratio"":0.0011693984854146576,""num_products_cat4"":8,""pctl_category_relevance_company"":84.615384615384613,""viabilidade_financeira_raw"":-0.14458837311265413,""pctl_revenue_company"":74.019607843137265,""pctl_revenue_cat4"":85.714285714285708,""pctl_volume_company"":83.333333333333343,""pctl_viabilidade_company"":25.490196078431371,""manual_classification"":null,""aging"":91.9372028183724,""is_hero"":false,""is_core"":false,""processed_at"":""2026-06-12""}"
The Perfect Top Asymmetric Feminino,Tops,female,Long tail,Monitorar,0.5827826086956522,0.6965217391304348,0.4121739130434783,5350,12,5968,609901.97,742,745.0,398,328,628,0,85451.21999999999,121713.2,0.12483243967828418,0.12217334259473643,0.002659097083547751,1.0217649531974278,0.001738786,0.0019969323264796973,0.004351940556581069,caimento_ruim,0.2223719676549865,modelagem_ruim,0.14285714285714285,tamanho_grande,0.07142857142857142,0.4366576819407008,Preto,0.5390835579514824,M,0.3584905660377358,210,311,Caiu nos últimos 3 meses,"insatisfeita || A costura da blusinha está torta, quando coloco no corpo ela enrola. || Compra em valor maior entre Site e Instagram || Achei muito curta  || endereço errado || Tamanho pequeno, o bojo interno pequeno e veio com um fio de costura solto.  || Deu tudo certo com a compra, mas infelizmente  a peça não me vestiu bem. || Só por gosto mesmo, a blusa é bonita. ||  Ficou feio no corpo. O sutiã e o bojo interno deixaram muito a desejar. Recomendo melhorar isso, pois não vestem bem para quem usa acima de 42.  || Bojo fica muito marcado ","Top problemas: caimento_ruim, modelagem_ruim, tamanho_grande. Top 3 concentram 43.7% das reversas com tag. Há concentração relevante na cor Preto. Tendência: Caiu nos últimos 3 meses.","{""cluster"":""Long tail"",""product_name"":""The Perfect Top Asymmetric Feminino"",""first_sale_date"":""2025-11-12"",""skp_state"":""ativo_perene"",""num_colors"":3,""category_1"":""Woman"",""category_2"":""Woman Casual"",""category_3"":""Woman Casual Top"",""category_4"":""Woman Casual Top Tank Top"",""revenue_after_discounts"":569042.27,""qt_sold"":5970.9999999998972,""mc3_ratio"":0.0075839516305785185,""num_products_cat4"":16,""pctl_category_relevance_company"":94.230769230769226,""viabilidade_financeira_raw"":-0.28806173742560942,""pctl_revenue_company"":51.470588235294116,""pctl_revenue_cat4"":53.846153846153847,""pctl_volume_company"":57.843137254901968,""pctl_viabilidade_company"":8.8235294117647065,""manual_classification"":null,""aging"":45.045726532223732,""is_hero"":false,""is_core"":false,""processed_at"":""2026-06-12""}"
Tech T-shirt Gola V Feminino,T-shirt,female,Hero,Não priorizar agora,0.5758260869565217,0.3973913043478261,0.8434782608695652,26513,21,38356,4426756.79,1511,1569.0,963,516,1360,7,300864.50999999995,236335.81999999995,0.04090624674105746,0.05496738950982482,-0.014061142768767361,0.7441911850979555,0.012620362,0.012834171634459664,0.009165362058088183,tamanho_pequeno,0.050959629384513566,caimento_ruim,0.039046988749172735,modelagem_ruim,0.02911978821972204,0.11912640635340833,Preto,0.2825943084050298,M,0.31568497683653207,359,302,Estável,"A || O problema foi somente que era um presente e a pessoa preferiu a cor Flame Red do que a Evergreen e pediu para trocar. || Não ficou boa no corpo || Deveria disponibilizar data para agendamento de retirada do item somente durante o período do codigo de devolução  || A blusa é totalmente transparente. || Segunda tentativa de troca. Os correios não vieram buscar o produto.  || Ficou grande e a menor é só por compra antecipada e eu não quero esperar  || não gostei do tom
branco muito amarelado || arrependimento || Achei que fosse mais escura","Top problemas: tamanho_pequeno, caimento_ruim, modelagem_ruim. Top 3 concentram 11.9% das reversas com tag. Tendência: Estável.","{""cluster"":""Hero"",""product_name"":""Tech T-shirt Gola V Feminino"",""first_sale_date"":""2022-07-05"",""skp_state"":""ativo_perene"",""num_colors"":25,""category_1"":""Woman"",""category_2"":""Woman Casual"",""category_3"":""Woman Casual Top"",""category_4"":""Woman Casual Top T-Shirt"",""revenue_after_discounts"":8435338.9,""qt_sold"":73621.9999999999,""mc3_ratio"":0.189761069957101,""num_products_cat4"":30,""pctl_category_relevance_company"":98.076923076923066,""viabilidade_financeira_raw"":-0.065880658481024784,""pctl_revenue_company"":94.6078431372549,""pctl_revenue_cat4"":91.666666666666657,""pctl_volume_company"":92.64705882352942,""pctl_viabilidade_company"":37.254901960784316,""manual_classification"":null,""aging"":147.12536566808325,""is_hero"":true,""is_core"":false,""processed_at"":""2026-06-12""}"
Vestido Curto Gola Canoa FutureForm Feminino,Vestido,female,Long tail,Monitorar,0.5721739130434782,0.648695652173913,0.45739130434782616,4224,12,4347,1156074.47,646,646.0,332,301,557,0,119230.39999999998,179490.97,0.1486082355647573,0.16338701443356385,-0.014778778868806547,0.9095474085254439,0.003295884,0.0014545349904837876,0.0037736289926864034,caimento_ruim,0.17956656346749225,tamanho_grande,0.11919504643962849,modelagem_ruim,0.11145510835913312,0.4102167182662539,Preto,0.39628482972136225,M,0.34055727554179566,345,301,Estável,"Conversei com a IA do site que sugeriu G pra ficar mais soltinho, mas a peça ficou realmente muito larga e grande em geral. || Grande na lateral e curto na perna. || Ficou apertado no busto é muito largo no quadril.  || Acredito que o erro não foi na tabela de medidas e sim na expectativa de como a peça vestiria no meu corpo || O forro deixa o vestido duro e desconfortável  || Não tem um bom caimento. || O vestido ficou curto. || Não me vestiu bem || O caimento não foi bom para o meu tipo de corpo. || Foi um presente e o vestido ficou curto","Top problemas: caimento_ruim, tamanho_grande, modelagem_ruim. Top 3 concentram 41% das reversas com tag. Tendência: Estável.","{""cluster"":""Long tail"",""product_name"":""Vestido Curto Gola Canoa FutureForm Feminino"",""first_sale_date"":""2025-12-05"",""skp_state"":""ativo_perene"",""num_colors"":3,""category_1"":""Woman"",""category_2"":""Woman Casual"",""category_3"":""Woman Casual Dresses"",""category_4"":""Woman Casual Dresses Dress Mini"",""revenue_after_discounts"":1052936.82,""qt_sold"":4272.0000000000036,""mc3_ratio"":0.34556958932457893,""num_products_cat4"":4,""pctl_category_relevance_company"":46.153846153846153,""viabilidade_financeira_raw"":0.083163792726639429,""pctl_revenue_company"":63.725490196078425,""pctl_revenue_cat4"":66.666666666666657,""pctl_volume_company"":51.9607843137255,""pctl_viabilidade_company"":65.196078431372555,""manual_classification"":null,""aging"":82.128373303226923,""is_hero"":false,""is_core"":false,""processed_at"":""2026-06-12""}"
Regata Intech Masculino,Regata Esportivo,male,Long tail,Não priorizar agora,0.5702608695652175,0.43565217391304356,0.7721739130434783,19275,20,27717,2696415.58,1182,1243.0,812,352,1067,8,197649.12,147873.03999999998,0.04484612331781939,0.048200352378555245,-0.003354229060735854,0.9304106942125141,0.007687285,0.00927429177162161,0.0072610229688996894,modelagem_ruim,0.049069373942470386,caimento_ruim,0.04568527918781726,tamanho_grande,0.03299492385786802,0.12774957698815567,Azul Marinho,0.3570219966159052,G,0.30456852791878175,202,344,Caiu nos últimos 3 meses,"Enviaram uma calça  || Ja tenho 3 unidades, porem voces mudaram as medidas sem nenhuma notificação  || . || Vou trocar pela G || Usei como base o provedor virtual, o que me indicou que meu tamanho ideial seria XGG, porém a peça ficou grande. Vou trocar para o tamanho GG. || Discrepância relevante de cor em comparação com as imagens divulgadas no site || As mangas da regata no ombro ficaram muito grandes em mim. O restante as medidas bateram, mas a manga ficou desproporcional e grande. || Olhe a diferença dessas duas peças “M” que comprei, com intervalo de poucos meses entre uma e outra… Comprimento, largura, manga esgarçada. 
Escolhi a azul marinho, pra seguir o processo de troca, mas eu quero uma preta. Até espero quando tiver. || o caimento não ficou legal || A cor realmente me decepcionou, parece mais branco...","Top problemas: modelagem_ruim, caimento_ruim, tamanho_grande. Top 3 concentram 12.8% das reversas com tag. Tendência: Caiu nos últimos 3 meses.","{""cluster"":""Long tail"",""product_name"":""Regata Intech Masculino"",""first_sale_date"":""2024-10-02"",""skp_state"":""ativo_perene"",""num_colors"":5,""category_1"":""Man"",""category_2"":""Man Fitness/Sportswear"",""category_3"":""Man Fitness/Sportswear Top"",""category_4"":""Man Fitness/Sportswear Top Tank Top"",""revenue_after_discounts"":3205525.28,""qt_sold"":32715.999999999996,""mc3_ratio"":0.12584330595698268,""num_products_cat4"":1,""pctl_category_relevance_company"":48.07692307692308,""viabilidade_financeira_raw"":-0.049330068103194132,""pctl_revenue_company"":81.862745098039213,""pctl_revenue_cat4"":50,""pctl_volume_company"":85.7843137254902,""pctl_viabilidade_company"":42.156862745098039,""manual_classification"":null,""aging"":128.09085865202638,""is_hero"":false,""is_core"":false,""processed_at"":""2026-06-12""}"
Legging Fitness IN-ACTION Seamless Feminino,Calça Legging,female,Lancamento,Monitorar,0.5685217391304347,0.8095652173913043,0.20695652173913043,1757,12,1930,297388.83,385,395.0,211,166,356,0,48176.79000000001,63411.25,0.20466321243523317,0.10406332453825858,0.10059988789697459,1.966717989679345,0.000847834,0.000645790782524433,0.002307404724630231,tamanho_pequeno,0.16883116883116883,conforto_negativo,0.10909090909090909,caimento_ruim,0.08051948051948052,0.35844155844155845,Preto,0.6,P,0.3922077922077922,344,41,Aumentou nos últimos 3 meses,"Arrependimento  || Dei de presente e nao vestiu bem na pessoa, vou devolver ela e pegar outro produto aqui no site com o crédito  || Minha filha adolescente não gostou. || Ficou muito apertada  || O tecido é bem compressor, imaginei que fosse um tecido menos apertado. || Nenhuma tabela ou provador leva em consideração a grossura das coxas e foi isso que fez a calça nao servir nas minhas pernas || Nos comentários do produto fala de uma calça confortável e o que veio foi muito diferente. O tecido da calça é duro, de compressão máxima. Sequer pude experimentar pois é apertadíssima demais!!! E eu comprei tamanho maior que o usual em lojas normais.  || nao gostei  || Achei a legging muito desconfortável, um tecido que pinica, não gostei  || A calça ficou muito transparente e marcando","Top problemas: tamanho_pequeno, conforto_negativo, caimento_ruim. Top 3 concentram 35.8% das reversas com tag. Há concentração relevante na cor Preto. Tendência: Aumentou nos últimos 3 meses.","{""cluster"":""Lancamento"",""product_name"":""Legging Fitness IN-ACTION Seamless Feminino"",""first_sale_date"":""2026-02-20"",""skp_state"":""ativo_em_lancamento"",""num_colors"":3,""category_1"":""Woman"",""category_2"":""Woman Fitness/Sportswear"",""category_3"":""Woman Fitness/Sportswear Bottoms"",""category_4"":""Woman Fitness/Sportswear Bottoms Leggings/Pants"",""revenue_after_discounts"":258362.88,""qt_sold"":1923.9999999999577,""mc3_ratio"":0.1989481743187739,""num_products_cat4"":6,""pctl_category_relevance_company"":80.769230769230774,""viabilidade_financeira_raw"":-0.014238120744730617,""pctl_revenue_company"":39.705882352941174,""pctl_revenue_cat4"":0,""pctl_volume_company"":39.215686274509807,""pctl_viabilidade_company"":47.549019607843135,""manual_classification"":null,""aging"":12.492323970757983,""is_hero"":false,""is_core"":false,""processed_at"":""2026-06-12""}"
Cueca Boxer Comfort Anti Suor Masculino,Cueca,male,Long tail,Não priorizar agora,0.5669565217391304,0.36521739130434777,0.8695652173913043,24014,6,78076,4562324.19,684,1514.0,534,134,651,7,92913.62666666666,45477.075333333334,0.019391362262410984,0.02260982533801665,-0.0032184630756056654,0.8576520151089326,0.013006855,0.026124746702786337,0.008844077855924481,defeito_furo_rasgo,0.17543859649122806,defeito_costura,0.10818713450292397,tecido_qualidade_ruim,0.08625730994152046,0.36988304093567254,Preto,1.0,G,0.3362573099415205,184,246,Caiu nos últimos 3 meses,"Vou trocar pelo modelo Performance || Peças compradas recentes e o elástico todo torto e soltando fio. Outras marcas na mesma faixa de preço tem durabilidade superior.  || rasgou na lateral com pouco uso || comprei a peça em dezembro, recebi ela em janeiro e ela ja apresenta furos e rasgo do tecido, mesmo sendo feito o uso adequado e tambem seguibdo todas as recomendações para lavagem da peça.  || A peça ficou maior que o esperado. || A compra foi ok, mas em apenas 1 uso 3 das cuecas que comprei já estão furadas, usei as da lupo por 10 anos, aí começaram a aparecer furos. Tendo em vista que levei usando a bag que foi enviada, (que deveriam ter enviado mais, só 1 limita muito a quantidade na lavagem). || Produto otimo, pena que veio com defeito. Assim que tiver oportunidade comprarei mais.  || Peças com furos || A maioria das peças veio com numeração errada. Não foi o que coloquei no carrinho . Vou devolver todas peças,  depois efetuo a compra novamente || Tenho outros produtos da marca, mas essa cueca ficou maior que as anteriores.","Top problemas: defeito_furo_rasgo, defeito_costura, tecido_qualidade_ruim. Top 3 concentram 37% das reversas com tag. Há concentração relevante na cor Preto. Tendência: Caiu nos últimos 3 meses.","{""cluster"":""Long tail"",""product_name"":""Cueca Boxer Comfort Anti Suor Masculino"",""first_sale_date"":""2021-07-19"",""skp_state"":""ativo_perene"",""num_colors"":1,""category_1"":""Man"",""category_2"":""Man Underwear"",""category_3"":""Man Underwear Bottoms"",""category_4"":""Man Underwear Bottoms Underpants"",""revenue_after_discounts"":4748999.41,""qt_sold"":80428.000000000058,""mc3_ratio"":0.018044800305930895,""num_products_cat4"":7,""pctl_category_relevance_company"":96.15384615384616,""viabilidade_financeira_raw"":-0.3846078984439219,""pctl_revenue_company"":87.254901960784309,""pctl_revenue_cat4"":40,""pctl_volume_company"":93.137254901960787,""pctl_viabilidade_company"":5.3921568627450984,""manual_classification"":null,""aging"":45.451347085079256,""is_hero"":false,""is_core"":false,""processed_at"":""2026-06-12""}"
Sportee Masculino,T-shirt,male,Hero,Não priorizar agora,0.5573913043478261,0.44434782608695655,0.7269565217391305,14019,10,20723,2309404.51,904,1055.0,608,267,817,3,147829.14666666667,149818.12,0.050909617333397675,0.05496738950982482,-0.004057772176427145,0.9261785540006068,0.006583944,0.006934053049872448,0.006162815150594668,tamanho_pequeno,0.049778761061946904,tecido_qualidade_ruim,0.032079646017699116,modelagem_ruim,0.02101769911504425,0.10287610619469026,Preto,0.6991150442477876,G,0.28207964601769914,71,383,Caiu nos últimos 3 meses,"Acabei não gostando do caimento no meu corpo. || Pequena || Quero trocar por um tamanho maior (G). || Ficou pequena. Mesmo produto, tamanho G. || Meu pedido é 3 pretas e 2 brancas
Quero trocar as 5 por um tamanho maior. || Não gostei do toque brilhante do tecido || Sempre usei a camiseta Sportee. Tenho em outras cores, inclusive uma branca antiga e nunca aconteceu isso. Mas essa branca percebi que veio em uma malha muito fininha, diferente das demais. Primeira vez que uso e o cinto de segurança, alça de uma bolsa/mochila e adesivo de papel para identificação na entrada de hospital causaram essas ranhuras na malha. || Sempre compro produtos G da Insider, mas esse corte ficou apertado.  ||  Não  || Seria interessante se tivesse um tamanho maior, como o XGGG","Top problemas: tamanho_pequeno, tecido_qualidade_ruim, modelagem_ruim. Top 3 concentram 10.3% das reversas com tag. Há concentração relevante na cor Preto. Tendência: Caiu nos últimos 3 meses.","{""cluster"":""Hero"",""product_name"":""Sportee Masculino"",""first_sale_date"":""2022-04-27"",""skp_state"":""ativo_perene"",""num_colors"":14,""category_1"":""Man"",""category_2"":""Man Fitness/Sportswear"",""category_3"":""Man Fitness/Sportswear Top"",""category_4"":""Man Fitness/Sportswear Top T-Shirt"",""revenue_after_discounts"":4430712.54,""qt_sold"":40644.999999999985,""mc3_ratio"":0.19219805307118365,""num_products_cat4"":6,""pctl_category_relevance_company"":82.6923076923077,""viabilidade_financeira_raw"":-0.025272618427973938,""pctl_revenue_company"":86.274509803921575,""pctl_revenue_cat4"":100,""pctl_volume_company"":88.725490196078425,""pctl_viabilidade_company"":46.078431372549019,""manual_classification"":null,""aging"":102.91320339490051,""is_hero"":true,""is_core"":false,""processed_at"":""2026-06-12""}"
Hybrid Jogger Masculino,Calça,male,Core,Monitorar,0.5474782608695652,0.5008695652173913,0.6173913043478261,6161,5,6450,2207876.94,628,637.0,389,227,547,1,168203.92,198516.73,0.09875968992248062,0.12295430155607226,-0.024194611633591642,0.8032227313124308,0.006294497,0.002158212718799271,0.0037210552141505246,tamanho_grande,0.10031847133757962,caimento_ruim,0.05573248407643312,modelagem_ruim,0.054140127388535034,0.21019108280254778,Preto,1.0,M,0.34554140127388533,198,226,Estável,"A calça ficou grande. Vou pedir outro tamanho. || Achei que a calça seria mais ""slim"" mesmo com o tamanho P ela ficou muito grande. || Achei muito esportiva. || Achei que era outro tipo de tecido || Tenho varias calças tecnológicas da insider, imaginei que o material seria o mesmo. Porém, achei o material grosso e sem o toque sofisticado. Imaginei que teria uma qualidade melhor || Pelo preço deve ter uma qualidade de costura melhor. Eu percebi os defeitos  logo na primeira vez que vesti  || Recebi a compra antes do prazo. Só errei no tamanho.  || Ótimo produto, mas não me serviu. || Compra em duplicidade || Maravilhosos produtos , entrega rápida.","Top problemas: tamanho_grande, caimento_ruim, modelagem_ruim. Top 3 concentram 21% das reversas com tag. Há concentração relevante na cor Preto. Tendência: Estável.","{""cluster"":""Core"",""product_name"":""Hybrid Jogger Masculino"",""first_sale_date"":""2023-05-16"",""skp_state"":""ativo_perene"",""num_colors"":1,""category_1"":""Man"",""category_2"":""Man Casual"",""category_3"":""Man Casual Bottoms"",""category_4"":""Man Casual Bottoms Pants"",""revenue_after_discounts"":2288753.62,""qt_sold"":7313.9999999996617,""mc3_ratio"":0.38164494943984134,""num_products_cat4"":6,""pctl_category_relevance_company"":88.461538461538453,""viabilidade_financeira_raw"":0.013071862857147891,""pctl_revenue_company"":75.980392156862735,""pctl_revenue_cat4"":75,""pctl_volume_company"":60.784313725490193,""pctl_viabilidade_company"":52.450980392156865,""manual_classification"":null,""aging"":86.469579883784661,""is_hero"":false,""is_core"":true,""processed_at"":""2026-06-12""}"
Cueca Boxer Performance Simples Masculino,Cueca,male,Long tail,Não priorizar agora,0.5393043478260869,0.33304347826086955,0.8486956521739131,34083,22,74662,4171320.33,785,1326.0,514,227,686,11,131521.814,123283.42700000003,0.017760038573839437,0.02260982533801665,-0.004849786764177213,0.7855009186637689,0.011892131,0.024982399691626536,0.007745870037619459,defeito_costura,0.05732484076433121,tecido_qualidade_ruim,0.03694267515923567,logistica_item_errado,0.02929936305732484,0.12356687898089172,Preto,0.5057324840764331,G,0.32993630573248406,129,149,Estável,"Usei essa cueca no máximo 5x e a mesma apresenta dois furos.  || Não gostei do material. Nem cheguei a vestir. E me parece grande demais também  || Apertada. || Produto excelente, porém ficou pequeno  || Comprei a camiseta e a cueca de presente de dia dos pais, mas ficou grande. Peguei a M e devia ser P, igual a camiseta. Só estou entrando em contato agora porque só dei o presente ontem.  || Comprei o produto incorreto, não foi nem tocado. Normalmente compro a Confort || Ficou apertada || A comfort serve a G mas essa não, é não gostei do material. || Comprei essa cueca tamanho M/M. O tamanho ficou ótimo. Mas a segunda cueca também M/M, o tamanho veio menor. O cofrinho apareceu. Assim, desejo a mesma cueca, performance, tamanho M/M, mas o tamanho anterior. || Devolucao","Top problemas: defeito_costura, tecido_qualidade_ruim, logistica_item_errado. Top 3 concentram 12.4% das reversas com tag. Há concentração relevante na cor Preto. Tendência: Estável.","{""cluster"":""Long tail"",""product_name"":""Cueca Boxer Performance Simples Masculino"",""first_sale_date"":""2021-09-26"",""skp_state"":""ativo_perene"",""num_colors"":11,""category_1"":""Man"",""category_2"":""Man Underwear"",""category_3"":""Man Underwear Bottoms"",""category_4"":""Man Underwear Bottoms Underpants"",""revenue_after_discounts"":6583088.11,""qt_sold"":97547.000000000029,""mc3_ratio"":0.12086234808141871,""num_products_cat4"":7,""pctl_category_relevance_company"":96.15384615384616,""viabilidade_financeira_raw"":-0.16476830502947448,""pctl_revenue_company"":89.705882352941174,""pctl_revenue_cat4"":80,""pctl_volume_company"":95.098039215686271,""pctl_viabilidade_company"":22.058823529411764,""manual_classification"":null,""aging"":106.3120510368117,""is_hero"":false,""is_core"":false,""processed_at"":""2026-06-12""}"
Cueca Seamless Touch Masculino,Cueca,male,Lancamento,Não priorizar agora,0.5349565217391303,0.4695652173913043,0.6330434782608696,14904,15,29501,1028849.01,579,1153.0,435,123,505,0,91678.23733333331,56216.68,0.039083420900986404,0.02260982533801665,0.016473595562969755,1.7286033977127058,0.002933174,0.009871229987177875,0.006735285183540903,tamanho_grande,0.11398963730569948,tecido_qualidade_ruim,0.05008635578583765,caimento_ruim,0.037996545768566495,0.20207253886010362,Preto,0.5008635578583766,G,0.37823834196891193,265,267,Estável,"Ficou pequeno  || Descosturando após primeira lavagem || Peguei o tamanho da cueca q ele usa da Lupo e ficou bem grande.  || Foi cortesia, como irei devolver a compra inteira, não quero ficar com a cortesia || Esse modelo é maior que o da performance e fica muito grande o modelo || Não gostei do caimento  || Tenho uma cueca performance GG, porém esse modelo ficou muito grande. || Muito boa mas ficou grande  || Produto com defeito  || Nao comprei camisetas. Preciso da devolução total do valor pago , inclusive o frete","Top problemas: tamanho_grande, tecido_qualidade_ruim, caimento_ruim. Top 3 concentram 20.2% das reversas com tag. Há concentração relevante na cor Preto. Tendência: Estável.","{""cluster"":""Lancamento"",""product_name"":""Cueca Seamless Touch Masculino"",""first_sale_date"":""2025-11-27"",""skp_state"":""ativo_em_lancamento"",""num_colors"":3,""category_1"":""Man"",""category_2"":""Man Underwear"",""category_3"":""Man Underwear Bottoms"",""category_4"":""Man Underwear Bottoms Underpants"",""revenue_after_discounts"":1516904.09,""qt_sold"":31590.999999998508,""mc3_ratio"":0.062476602183203125,""num_products_cat4"":7,""pctl_category_relevance_company"":96.15384615384616,""viabilidade_financeira_raw"":0.08404865668314937,""pctl_revenue_company"":68.137254901960787,""pctl_revenue_cat4"":20,""pctl_volume_company"":85.294117647058826,""pctl_viabilidade_company"":65.686274509803923,""manual_classification"":null,""aging"":55.427869048340149,""is_hero"":false,""is_core"":false,""processed_at"":""2026-06-12""}"
Zipper Legging Feminino,Calça Legging,female,Long tail,Não priorizar agora,0.5328695652173914,0.6295652173913044,0.38782608695652177,3662,5,3766,801776.24,426,430.0,212,198,378,1,61855.84,86521.36,0.11417950079660116,0.10406332453825858,0.010116176258342588,1.0972117343283936,0.002285806,0.0012601285424803184,0.0025118583078253148,caimento_ruim,0.1431924882629108,modelagem_ruim,0.10328638497652583,tamanho_pequeno,0.10328638497652583,0.34976525821596244,Preto,1.0,M,0.38497652582159625,197,97,Aumentou nos últimos 3 meses,"Ajudaria se vcs colocassem a medida da modelo e o tamanho que ela está usando. Acho as medidas do site um tanto genéricas. || Não serviu bem.  || Achei que a calça veste mal e nao reparei que nao tinha bolso  || a perna é imensa || Não era o tecido que esperava. Gostaria preto fosco || Ficou perfeita na largura, mas ficou muito longa e como tem ziper ele fica pra baixo do pé ou embolado. Esse modelo não deu pra minha altura. || Gostaria de trocar pela mesma calça no tamanho M || Ficou bastante apertado, principalmente na canela, mesmo que pegue um número maior acredito que na cintura vai ficar largo e caindo. Comprei para viajar de moto,mas não é um tecido que vá ficar confortável.   || A calça é mais voltada para academia quando o desejado foi que fosse para o dia a dia… || Usei o produto duas vezes, de forma casual e não treino. Não lavei e ele apresentou bolinhas e até desfiou","Top problemas: caimento_ruim, modelagem_ruim, tamanho_pequeno. Top 3 concentram 35% das reversas com tag. Há concentração relevante na cor Preto. Tendência: Aumentou nos últimos 3 meses.","{""cluster"":""Long tail"",""product_name"":""Zipper Legging Feminino"",""first_sale_date"":""2023-05-10"",""skp_state"":""ativo_perene"",""num_colors"":1,""category_1"":""Woman"",""category_2"":""Woman Fitness/Sportswear"",""category_3"":""Woman Fitness/Sportswear Bottoms"",""category_4"":""Woman Fitness/Sportswear Bottoms Leggings/Pants"",""revenue_after_discounts"":782331.87,""qt_sold"":3914.0000000000614,""mc3_ratio"":0.21461212367643942,""num_products_cat4"":6,""pctl_category_relevance_company"":80.769230769230774,""viabilidade_financeira_raw"":-0.17466523123007605,""pctl_revenue_company"":59.313725490196077,""pctl_revenue_cat4"":40,""pctl_volume_company"":49.509803921568633,""pctl_viabilidade_company"":20.588235294117645,""manual_classification"":null,""aging"":103.12385003796383,""is_hero"":false,""is_core"":false,""processed_at"":""2026-06-12""}"
Sutiã Comfy Feminino,Underwear,female,Long tail,Não priorizar agora,0.5304347826086956,0.697391304347826,0.28,3311,20,3724,367992.97,426,438.0,269,154,376,2,64351.009999999995,53322.49,0.11761546723952739,0.04652831994358677,0.07108714729594062,2.5278253627496152,0.001049121,0.001246075064311393,0.0025585905554127626,caimento_ruim,0.14084507042253522,modelagem_ruim,0.11267605633802817,tamanho_grande,0.07042253521126761,0.323943661971831,Preto,0.43896713615023475,42,0.3732394366197183,109,135,Estável,"Eu tenho outro modelo tamanha 42, mas esse ficou grande, não ficou bem ajustado no busto pequeno. Acredito que o tamanho menor funcione. || Pela segunda vez, seleciono na pedido o sutião comfy cinnamom/44 e recebe o sutião comfy preto/40.  || O tamanho ficou grande. Mas, pelas minhas medidas corporais, vocês me passaram que esse seria o ideal, mas não foi. 🥹 || Chat q me orientou || Não vestiu bem  || Ficou grande || O modelo não ficou confortável no meu corpo. || Meus seios não ficaram bem nesse modelo. || Ficou muito grande!! É a minha primeira compra. || Não preciso de dois sutiãs quase iguais.","Top problemas: caimento_ruim, modelagem_ruim, tamanho_grande. Top 3 concentram 32.4% das reversas com tag. Tendência: Estável.","{""cluster"":""Long tail"",""product_name"":""Sutiã Comfy Feminino"",""first_sale_date"":""2021-09-10"",""skp_state"":""ativo_perene"",""num_colors"":15,""category_1"":""Woman"",""category_2"":""Woman Underwear"",""category_3"":""Woman Underwear Top"",""category_4"":""Woman Underwear Top"",""revenue_after_discounts"":633949.59,""qt_sold"":6216.9999999998254,""mc3_ratio"":0.15787360246431714,""num_products_cat4"":3,""pctl_category_relevance_company"":51.923076923076927,""viabilidade_financeira_raw"":-0.21725911998881478,""pctl_revenue_company"":52.941176470588239,""pctl_revenue_cat4"":0,""pctl_volume_company"":58.82352941176471,""pctl_viabilidade_company"":14.705882352941178,""manual_classification"":null,""aging"":161.18727290237328,""is_hero"":false,""is_core"":false,""processed_at"":""2026-06-12""}"
Tech T-shirt Long Sleeve Masculino,T-shirt,male,Long tail,Não priorizar agora,0.5168695652173914,0.3304347826086957,0.7965217391304348,19020,20,25892,3917109.09,830,904.0,563,255,753,9,195384.35,144505.40000000002,0.03491425923065039,0.05496738950982482,-0.02005313027917443,0.635181323726677,0.011167393,0.008663634684519491,0.005280743977381592,caimento_ruim,0.04216867469879518,tamanho_pequeno,0.04216867469879518,modelagem_ruim,0.03614457831325301,0.12048192771084337,Preto,0.43855421686746987,M,0.31204819277108437,264,147,Aumentou nos últimos 3 meses,Troca pelo mesmo produto e cor tamanho G || Pequena/apertada nos braços || Não gostei da cor || Nenhum comentário acerca. || Ficou grande  || Gostei da agilidade no fluxo de troca. || quero cancelar || Muito chato receber um produto com manchas. Ainda mais sendo um presente. || Baseei-me na minha última compra (GG) porém agora veio pequena demais. || Quero o mesmo produto na cor preta tamanho P.,"Top problemas: caimento_ruim, tamanho_pequeno, modelagem_ruim. Top 3 concentram 12% das reversas com tag. Tendência: Aumentou nos últimos 3 meses.","{""cluster"":""Long tail"",""product_name"":""Tech T-shirt Long Sleeve Masculino"",""first_sale_date"":""2021-07-22"",""skp_state"":""ativo_perene"",""num_colors"":18,""category_1"":""Man"",""category_2"":""Man Casual"",""category_3"":""Man Casual Top"",""category_4"":""Man Casual Top T-Shirt"",""revenue_after_discounts"":6646032.41,""qt_sold"":44349.999999999913,""mc3_ratio"":0.29938160882476994,""num_products_cat4"":48,""pctl_category_relevance_company"":100,""viabilidade_financeira_raw"":0.28100038373957048,""pctl_revenue_company"":91.17647058823529,""pctl_revenue_cat4"":64.705882352941174,""pctl_volume_company"":90.196078431372555,""pctl_viabilidade_company"":77.450980392156865,""manual_classification"":null,""aging"":172.04625267160839,""is_hero"":false,""is_core"":false,""processed_at"":""2026-06-12""}"
NEXTECH T-shirt Feminino,T-shirt,female,KILL,Não priorizar agora,0.5109565217391304,0.6417391304347826,0.31478260869565217,2941,12,3502,532840.83,368,380.0,234,126,329,0,71945.32,56525.719999999994,0.10850942318675043,0.05496738950982482,0.05354203367692561,1.9740690644833252,0.00151909,0.0011717923939899297,0.0022197817604037665,tecido_transparente,0.11141304347826086,tamanho_pequeno,0.10597826086956522,caimento_ruim,0.0625,0.2798913043478261,Off White,0.5570652173913043,M,0.42391304347826086,101,153,Caiu nos últimos 3 meses,"Não se adequa ao desenho do corpo. Mas o material é maravilhoso.  || Não gostou da cor  || não gostei || Além da cor mais amarelada do que aparece no site, ela é transparente. || Adorei a compra, qualidade perfeita, só pedi uma preta e uma branca e veio as duas brancas, quero trocar, mas de resto estou muito agradecida. || Comprei o tamanho recomendado pelo site mas a blusa ficou justa e o tecido transparente.  || O tecido é uma delícia. Pena q não tem XXG.  || A modelagem é pequena || Pedi M e quero G || Foi td ok com a compra e recebi td certo, porém ficou mt justo","Top problemas: tecido_transparente, tamanho_pequeno, caimento_ruim. Top 3 concentram 28% das reversas com tag. Há concentração relevante na cor Off White. Tendência: Caiu nos últimos 3 meses.","{""cluster"":""KILL"",""product_name"":""NEXTECH T-shirt Feminino"",""first_sale_date"":""2025-10-02"",""skp_state"":""ativo_em_lancamento"",""num_colors"":3,""category_1"":""Woman"",""category_2"":""Woman Casual"",""category_3"":""Woman Casual Top"",""category_4"":""Woman Casual Top T-Shirt"",""revenue_after_discounts"":502324.41,""qt_sold"":3479.0000000000318,""mc3_ratio"":0.30466563531677959,""num_products_cat4"":30,""pctl_category_relevance_company"":98.076923076923066,""viabilidade_financeira_raw"":0.21080177990767848,""pctl_revenue_company"":50,""pctl_revenue_cat4"":50,""pctl_volume_company"":48.03921568627451,""pctl_viabilidade_company"":73.529411764705884,""manual_classification"":""KILL"",""aging"":52.258131763180792,""is_hero"":false,""is_core"":false,""processed_at"":""2026-06-12""}"
Calcinha Brief Feminino,Underwear,female,Long tail,Não priorizar agora,0.5092173913043478,0.38956521739130434,0.6886956521739132,16661,24,33110,1631855.69,881,1296.0,565,296,784,15,134583.87133333334,117220.38333333333,0.039142253095741465,0.04652831994358677,-0.0073860668478453045,0.8412565324344284,0.004652302,0.011078825289836256,0.007570624109166531,tamanho_grande,0.0681044267877412,modelagem_ruim,0.04767309875141884,caimento_ruim,0.03064699205448354,0.14642451759364358,Preto,0.47446083995459704,M,0.43813847900113506,184,155,Estável,"Troca simples pelo tamanho G || Muito grande, sem condição de usar por não ter como ajustar || Enorme as peças, não dá pra dizer que é pp || Grande || A maioria das peças veio com numeração errada. Não foi o que coloquei no carrinho . Vou devolver todas peças,  depois efetuo a compra novamente || Usei uma para experimentar mas ficou grande. Quero devolver as outras || Comprei o mesmo tamanho de uma calcinha brief que já tinha, mas o tamanho destas são maiores. || Não recebi o produto, conforme já relatado || Gostaria de ter pedido a minimal || Grande para ser PP, não gostei na cor ","Top problemas: tamanho_grande, modelagem_ruim, caimento_ruim. Top 3 concentram 14.6% das reversas com tag. Tendência: Estável.","{""cluster"":""Long tail"",""product_name"":""Calcinha Brief Feminino"",""first_sale_date"":""2021-11-21"",""skp_state"":""ativo_perene"",""num_colors"":15,""category_1"":""Woman"",""category_2"":""Woman Underwear"",""category_3"":""Woman Underwear Bottoms"",""category_4"":""Woman Underwear Bottoms"",""revenue_after_discounts"":3443049.6,""qt_sold"":63059.000000000015,""mc3_ratio"":-0.016831915700224576,""num_products_cat4"":8,""pctl_category_relevance_company"":75,""viabilidade_financeira_raw"":-0.12014824481134934,""pctl_revenue_company"":83.333333333333343,""pctl_revenue_cat4"":100,""pctl_volume_company"":91.666666666666657,""pctl_viabilidade_company"":29.901960784313726,""manual_classification"":null,""aging"":154.44223517477243,""is_hero"":false,""is_core"":false,""processed_at"":""2026-06-12""}"
Spectrum Socks Low 2.0,Meia,unisex,Long tail,Não priorizar agora,0.5092173913043478,0.3304347826086957,0.7773913043478261,40229,8,107910,1912034.23,471,1048.0,194,258,319,6,46524.06842857142,112574.39333333334,0.009711796867760171,0.009548873789197302,0.0001629230785628686,1.017062020313556,0.005451071,0.03610740069544641,0.006121924433955651,tamanho_pequeno,0.044585987261146494,logistica_item_errado,0.03184713375796178,modelagem_ruim,0.027600849256900213,0.1040339702760085,Branco,0.5307855626326964,40 a 42,0.3248407643312102,81,126,Caiu nos últimos 3 meses,"Não queria meias do tipo sapatilha e sim meias do tipo socket e as fotos não são muito claras quanto a isso.  || peças da mesma cor || Como uso calçado  número 39, pedi a meia 37-39, mas ficou apertada e prende a circulação. Ela foge aos padrões de medida normais, que costumo usar. Como é o modelo invisível, achei que a numeração 40 poderia ficar larga, mas terá que ser então 40-42 || Vou devolver o brinde || Ao efetuar a compra, eu esqueci de colocar o código da LIVELO, embora eu tenha detectado meu erro imediatamente, eu entrei em contato com o SAC e disseram que não era mais possível incluir o cupom LIVELO, só me restava devolver a comprar e efetuar nova compra. Foi o que eu fiz, efetuei nova compra. || Durante o uso, as meias escorregam pra dentro do tenis, pessimas  || O tamanho 37-39  ficou pequeno. || Ficou pequeno  || Primeira vez que compro produtos de ótima qualidade. || foi brinde","Top problemas: tamanho_pequeno, logistica_item_errado, modelagem_ruim. Top 3 concentram 10.4% das reversas com tag. Há concentração relevante na cor Branco. Tendência: Caiu nos últimos 3 meses.","{""cluster"":""Long tail"",""product_name"":""Spectrum Socks Low 2.0"",""first_sale_date"":""2023-09-03"",""skp_state"":""ativo_perene"",""num_colors"":3,""category_1"":""Unissex"",""category_2"":""Unissex Accessory"",""category_3"":""Unissex Accessory Socks"",""category_4"":""Unissex Accessory Socks"",""revenue_after_discounts"":2927956.58,""qt_sold"":111103.00000000004,""mc3_ratio"":-0.11682047510632969,""num_products_cat4"":9,""pctl_category_relevance_company"":86.538461538461547,""viabilidade_financeira_raw"":-0.052532392220281748,""pctl_revenue_company"":80.3921568627451,""pctl_revenue_cat4"":60,""pctl_volume_company"":96.078431372549019,""pctl_viabilidade_company"":41.17647058823529,""manual_classification"":null,""aging"":67.330722707199442,""is_hero"":false,""is_core"":false,""processed_at"":""2026-06-12""}"
Sutiã Lounge Feminino,Underwear,female,Long tail,Não priorizar agora,0.4986086956521739,0.5886956521739131,0.3634782608695652,4611,20,5112,520523.63,433,451.0,272,153,383,0,58009.67999999999,68049.72,0.08822378716744914,0.04652831994358677,0.041695467223862366,1.8961309429271465,0.001483975,0.0017105090571320732,0.0026345304577423652,caimento_ruim,0.12471131639722864,modelagem_ruim,0.11316397228637413,tamanho_pequeno,0.06697459584295612,0.30484988452655887,Preto,0.5011547344110855,44,0.302540415704388,134,105,Aumentou nos últimos 3 meses,"nao sei opinar || não vestiu bem. || Peça ficou apertada || Não vestiu bem  || Tamanho maior que o esperado. || Peça ficou pequena

 || O sutiã 46 ficou grande, mas esse 44 ficou bem apertado, não teve um que se encaixou || Seria bom ter como ajustar mais a alça. Coloquei no máximo e ainda gostaria de encurtar mais.
Todas as peças foram compradas P por recomendação do site na hora da compra, de acordo com as medidas que informei.  Vou ver se a M fica mais confortável na faixa elástica.  || Costura lateral abrindo. Precisa reforçar as laterais do sutiã.  || Modelagem apertada embaixo e larga no bojo","Top problemas: caimento_ruim, modelagem_ruim, tamanho_pequeno. Top 3 concentram 30.5% das reversas com tag. Há concentração relevante na cor Preto. Tendência: Aumentou nos últimos 3 meses.","{""cluster"":""Long tail"",""product_name"":""Sutiã Lounge Feminino"",""first_sale_date"":""2021-12-26"",""skp_state"":""ativo_perene"",""num_colors"":15,""category_1"":""Woman"",""category_2"":""Woman Underwear"",""category_3"":""Woman Underwear Top"",""category_4"":""Woman Underwear Top"",""revenue_after_discounts"":909440.21,""qt_sold"":7987.9999999995116,""mc3_ratio"":0.22325780535797107,""num_products_cat4"":3,""pctl_category_relevance_company"":51.923076923076927,""viabilidade_financeira_raw"":-0.22388464553922821,""pctl_revenue_company"":60.784313725490193,""pctl_revenue_cat4"":100,""pctl_volume_company"":61.764705882352942,""pctl_viabilidade_company"":14.215686274509803,""manual_classification"":null,""aging"":153.82880379213029,""is_hero"":false,""is_core"":false,""processed_at"":""2026-06-12""}"
Regata Cropped IN-FORM Seamless Feminino,Cropped,female,KILL,Não priorizar agora,0.4933913043478261,0.42347826086956525,0.5982608695652174,17970,3,22520,947303.16,1312,1339.0,668,618,1069,0,178443.96999999997,272464.05,0.05945825932504441,0.10426281509600759,-0.04480455577096318,0.5702729134091946,0.002700692,0.007535341151528617,0.007821809939949062,tamanho_pequeno,0.11432926829268293,caimento_ruim,0.09908536585365854,comprimento_curto,0.08155487804878049,0.29496951219512196,Preto,0.36585365853658536,Único,1.0,217,635,Caiu nos últimos 3 meses,"e peça veio com linha solta , e acabamento aberto na costura || Não gostei do caimento || Não ficou como eu imaginava  || A regata é tamanho único, mas ficou apertada  || Idem anteriores  || Sem comentários.  || Estou com a atendente, Ana, no suporte por e-mail. Ela irá colocar a observação de que não há defeito. É arrependimento, e o código anterior não funcionou. || infelizmente, no segundo uso (antes de qualquer lavagem) abriu um buraquinho no tecido, algo como uma descostura. eu gostei muito do modelo e do tecido, gostaria de uma igual mesmo.  || O tecido ficou transparente, não sendo possível usar a peça sem sutiã e nem com sutiã branco ou bege.  || achei um pouco curta demais","Top problemas: tamanho_pequeno, caimento_ruim, comprimento_curto. Top 3 concentram 29.5% das reversas com tag. Há concentração relevante no tamanho Único. Tendência: Caiu nos últimos 3 meses.","{""cluster"":""KILL"",""product_name"":""Regata Cropped IN-FORM Seamless Feminino"",""first_sale_date"":""2025-10-09"",""skp_state"":""ativo_perene"",""num_colors"":3,""category_1"":""Woman"",""category_2"":""Woman Casual"",""category_3"":""Woman Casual Top"",""category_4"":""Woman Casual Top Tank Top"",""revenue_after_discounts"":1868310.93,""qt_sold"":25107.999999999996,""mc3_ratio"":0.14237955417569015,""num_products_cat4"":16,""pctl_category_relevance_company"":94.230769230769226,""viabilidade_financeira_raw"":0.13969467584161524,""pctl_revenue_company"":72.549019607843135,""pctl_revenue_cat4"":69.230769230769226,""pctl_volume_company"":81.862745098039213,""pctl_viabilidade_company"":69.6078431372549,""manual_classification"":""KILL"",""aging"":142.25322843142459,""is_hero"":false,""is_core"":false,""processed_at"":""2026-06-12""}"
Regata Gola Quadrada IN-ACTION Seamless Feminino,T-shirt,female,Lancamento,Monitorar,0.4925217391304348,0.7408695652173913,0.12,783,16,942,126284.88,182,184.0,116,62,168,0,36866.33999999999,29320.920000000006,0.19532908704883228,0.05496738950982482,0.14036169753900746,3.5535449070929475,0.000360029,0.0003151994389316144,0.0010748416945112974,tamanho_pequeno,0.19230769230769232,caimento_ruim,0.10989010989010989,conforto_negativo,0.0989010989010989,0.4010989010989011,Preto,0.44505494505494503,M,0.34615384615384615,140,42,Aumentou nos últimos 3 meses,"O material e sempre maravilhoso so q nao ficou bom e apertado
 || Ficou muito apertada  || gente, já é a segunda vez que compro uma peça gg e ela vem minúscula, em tempos de magreza extrema isso é revoltante, falta de noção total || Ficou super pequena e apertada, bem desconfortável. Não gostei do tecido, não é molinho. Estava acostumada com as roupas confortáveis da insider, mas esse tecido foge muito do que eu esperava.  || Muito pequenooooooo || A regata fica muito justa no corpo. Não gostei deste fato. || Também não gostei do tecido. Não era o que eu esperava pela descrição do produto. || Não.  || Procurava uma blusa bem molinha pra dormir. O tecido é grosso e rígido demais pra pijama. || Os tamanhos de vocês não são padrão pra mim. Por exemplo, já tinha uma tech T-shirt M e veste bem em mim. Já as regatas M ficaram minúsculas, muito estranho. ","Top problemas: tamanho_pequeno, caimento_ruim, conforto_negativo. Top 3 concentram 40.1% das reversas com tag. Tendência: Aumentou nos últimos 3 meses.","{""cluster"":""Lancamento"",""product_name"":""Regata Gola Quadrada IN-ACTION Seamless Feminino"",""first_sale_date"":""2026-02-21"",""skp_state"":""ativo_em_lancamento"",""num_colors"":4,""category_1"":""Woman"",""category_2"":""Woman Fitness/Sportswear"",""category_3"":""Woman Fitness/Sportswear Top"",""category_4"":""Woman Fitness/Sportswear Top Tank Top"",""revenue_after_discounts"":109161.42,""qt_sold"":923.00000000000864,""mc3_ratio"":0.18242982823740711,""num_products_cat4"":3,""pctl_category_relevance_company"":32.692307692307693,""viabilidade_financeira_raw"":-0.10346517055975898,""pctl_revenue_company"":27.941176470588236,""pctl_revenue_cat4"":50,""pctl_volume_company"":25.980392156862749,""pctl_viabilidade_company"":30.882352941176471,""manual_classification"":null,""aging"":12.505186880244088,""is_hero"":false,""is_core"":false,""processed_at"":""2026-06-12""}"
Spectrum Socks High 2.0,Meia,unisex,Hero,Não priorizar agora,0.48921739130434794,0.2878260869565218,0.791304347826087,47452,6,91033,2095669.78,497,827.0,166,311,297,10,45859.74,136784.834,0.009084617666121076,0.009548873789197302,-0.000464256123076226,0.9513810598689196,0.005974602,0.030460244717899848,0.004830946094352408,logistica_item_errado,0.052313883299798795,logistica_item_faltando,0.026156941649899398,tecido_qualidade_ruim,0.02414486921529175,0.10261569416498995,Preto,0.641851106639839,39 a 44,0.716297786720322,115,122,Estável,"Não é o que eu esperava || . || Sem feedbacks. || Era brinde  || Só troquei porque foi brinde. A meia parece bem boa.
* Achei que precisaria das fotos de todas as camisas. Só tem campo para duas fotos. Se precisar de mais alguma informação me avise || A meia branca veio completamente suja, deveria ter sido visto isso antes do envio || A meia era um brinde, então estou devolvendo. || Produto de brinde || Contente com a minha compra, mas veio uma meia furada. || Pensei até que era preta, mas é um azul bem mais claro, gostaria que fosse tudo preta ","Top problemas: logistica_item_errado, logistica_item_faltando, tecido_qualidade_ruim. Top 3 concentram 10.3% das reversas com tag. Há concentração relevante na cor Preto. Há concentração relevante no tamanho 39 a 44. Tendência: Estável.","{""cluster"":""Hero"",""product_name"":""Spectrum Socks High 2.0"",""first_sale_date"":""2023-09-03"",""skp_state"":""ativo_perene"",""num_colors"":6,""category_1"":""Unissex"",""category_2"":""Unissex Accessory"",""category_3"":""Unissex Accessory Socks"",""category_4"":""Unissex Accessory Socks"",""revenue_after_discounts"":4456927.99,""qt_sold"":93340.000000000044,""mc3_ratio"":0.18943813422735994,""num_products_cat4"":9,""pctl_category_relevance_company"":86.538461538461547,""viabilidade_financeira_raw"":0.031881243988042714,""pctl_revenue_company"":86.764705882352942,""pctl_revenue_cat4"":100,""pctl_volume_company"":94.6078431372549,""pctl_viabilidade_company"":54.411764705882348,""manual_classification"":null,""aging"":26.156198625013033,""is_hero"":true,""is_core"":false,""processed_at"":""2026-06-12""}"
Spectrum Socks Mid 2.0,Meia,unisex,Long tail,Não priorizar agora,0.4881739130434783,0.2965217391304348,0.7756521739130435,35985,8,91033,1990272.89,409,841.0,178,208,270,11,42982.831666666665,100850.75266666667,0.009238408049828084,0.009548873789197302,-0.000310465739369218,0.9674866642681518,0.005674123,0.030460244717899848,0.0049127275276304415,cor_diferente_site,0.06845965770171149,logistica_item_errado,0.05867970660146699,logistica_item_faltando,0.029339853300733496,0.15647921760391198,Preto,0.36185819070904646,39 a 44,0.5965770171149144,114,97,Estável,"comprei cor errada, quero branca  || Não gostei do material utilizado na meia.  || Trocar || Devolvendo pq foi presente. || As meias não apresentam a mesma coloração, duas são pretas e duas desbotadas, além dos tamanhos diferentes, apesar de menores. 
Gostaria de deixar claro, como cliente FIEL da Insider, que produtos com essas características aqui apresentadas não deveriam ser colocados no mercado de maneira nenhuma, tudo que a Insider vende como a aplicação da tecnologia, qualidade construtiva, designer atual não condiz em nada com o que recebi. Essa é a segunda vez que estou aqui fazendo a devolução, pois a primeira foi cancelada. 
Enviei no WhatsApp imagens nítidas solicitadas.  || Por não ficar com a camisa estou devolvendo o brinde.  || Foi brinde e preciso devolver todo o meu pedido. || Bom produto mas, irei pegar outro || Eu que na vi que era azul e quero preta  || Solicitei número 39-44 e veio de 34-38","Top problemas: cor_diferente_site, logistica_item_errado, logistica_item_faltando. Top 3 concentram 15.6% das reversas com tag. Há concentração relevante no tamanho 39 a 44. Tendência: Estável.","{""cluster"":""Long tail"",""product_name"":""Spectrum Socks Mid 2.0"",""first_sale_date"":""2023-09-03"",""skp_state"":""ativo_perene"",""num_colors"":7,""category_1"":""Unissex"",""category_2"":""Unissex Accessory"",""category_3"":""Unissex Accessory Socks"",""category_4"":""Unissex Accessory Socks"",""revenue_after_discounts"":3264629,""qt_sold"":105329.99999999999,""mc3_ratio"":-0.019587592145031835,""num_products_cat4"":9,""pctl_category_relevance_company"":86.538461538461547,""viabilidade_financeira_raw"":0.048150697637460264,""pctl_revenue_company"":82.35294117647058,""pctl_revenue_cat4"":80,""pctl_volume_company"":95.588235294117652,""pctl_viabilidade_company"":58.82352941176471,""manual_classification"":null,""aging"":100.34033070368842,""is_hero"":false,""is_core"":false,""processed_at"":""2026-06-12""}"
Vestido Chemise Sem Mangas FutureForm Feminino,Vestido,female,Long tail,Monitorar,0.4850434782608695,0.5208695652173913,0.43130434782608695,3297,8,3361,1200078.68,405,406.0,220,177,344,0,93959.32999999999,95965.22,0.12079738173162749,0.16338701443356385,-0.04258963270193636,0.7393328175461944,0.003421337,0.0011246128601371083,0.002371661565062972,caimento_ruim,0.25925925925925924,modelagem_ruim,0.19753086419753085,tamanho_grande,0.13580246913580246,0.5925925925925926,Preto,0.5234567901234568,M,0.41975308641975306,154,251,Caiu nos últimos 3 meses,"O caimento nao ficou bom para meu corpo || O vestido é lindo e elegante, porém a prega nas costas não fica bem assentada, fica muito volumosa e compromete a estética.  || o  modelo não tem corte muito bom || o corte/modelo não ficou bonito no corpo || Vestido maravilhoso, só ficou grande.  || nao tinha o G e comprei GG achei muito grande || O modelo do vestido não ficou bom em mim, por isso estou devolvendo. || Não ficou muito legal no corpo  || O corpo ficou comprido e a saia muito baixa. Não ficou bom. || Ótima compra. Porém, o vestido veio
Com defeito. Manchas de etiqueta. ","Top problemas: caimento_ruim, modelagem_ruim, tamanho_grande. Top 3 concentram 59.3% das reversas com tag. Há concentração relevante na cor Preto. Tendência: Caiu nos últimos 3 meses.","{""cluster"":""Long tail"",""product_name"":""Vestido Chemise Sem Mangas FutureForm Feminino"",""first_sale_date"":""2025-12-18"",""skp_state"":""ativo_perene"",""num_colors"":3,""category_1"":""Woman"",""category_2"":""Woman Casual"",""category_3"":""Woman Casual Dresses"",""category_4"":""Woman Casual Dresses Dress Mini"",""revenue_after_discounts"":1294135.12,""qt_sold"":4014.0000000000109,""mc3_ratio"":0.32983069543416244,""num_products_cat4"":4,""pctl_category_relevance_company"":46.153846153846153,""viabilidade_financeira_raw"":-0.047405538160723008,""pctl_revenue_company"":66.666666666666657,""pctl_revenue_cat4"":100,""pctl_volume_company"":50,""pctl_viabilidade_company"":43.137254901960787,""manual_classification"":null,""aging"":16.521348207300225,""is_hero"":false,""is_core"":false,""processed_at"":""2026-06-12""}"
High Neck Tank Feminino,T-shirt,female,Core,Não priorizar agora,0.4831304347826087,0.4191304347826087,0.5791304347826087,10724,12,12682,1515980.66,643,646.0,391,244,559,1,119784.68500000001,108627.01000000001,0.05093833780160858,0.05496738950982482,-0.004029051708216241,0.9267010541314484,0.004321951,0.004243481193769357,0.0037736289926864034,caimento_ruim,0.08864696734059098,tecido_transparente,0.05909797822706065,modelagem_ruim,0.05598755832037325,0.20373250388802489,Off White,0.4712286158631415,M,0.374805598755832,238,162,Aumentou nos últimos 3 meses,"Eu prefiro uma blusa mais soltinha :) || Tecido gostoso - mas ficou marcando o sutien, prefiro trocar pelo GG || Gostei muito mas ficou pequena || Vieram 4 itens em vez de 5 que foi meu pedido || Transparência e modelagem ruim  || Produto extremamente transparente  || A peça ficou pequena e não gostei dela no meu corpo.  || Nao gostei do caimento quando provei em mim || Quero trocar a cor  || Não gostei da manga. Ela ficará melhor para quem tem braço fino","Top problemas: caimento_ruim, tecido_transparente, modelagem_ruim. Top 3 concentram 20.4% das reversas com tag. Tendência: Aumentou nos últimos 3 meses.","{""cluster"":""Core"",""product_name"":""High Neck Tank Feminino"",""first_sale_date"":""2022-04-22"",""skp_state"":""ativo_perene"",""num_colors"":21,""category_1"":""Woman"",""category_2"":""Woman Casual"",""category_3"":""Woman Casual Top"",""category_4"":""Woman Casual Top T-Shirt"",""revenue_after_discounts"":2630760.23,""qt_sold"":22050,""mc3_ratio"":0.21272294850660112,""num_products_cat4"":30,""pctl_category_relevance_company"":98.076923076923066,""viabilidade_financeira_raw"":0.74051853824398606,""pctl_revenue_company"":78.431372549019613,""pctl_revenue_cat4"":58.333333333333336,""pctl_volume_company"":78.921568627450981,""pctl_viabilidade_company"":95.098039215686271,""manual_classification"":null,""aging"":116.56238095970996,""is_hero"":false,""is_core"":true,""processed_at"":""2026-06-12""}"
The Perfect Top Halter Feminino,Tops,female,Long tail,Não priorizar agora,0.48243478260869566,0.5791304347826086,0.3373913043478261,3823,12,4568,510000.5,527,534.0,293,225,447,0,75955.57,109779.85,0.11690017513134851,0.12217334259473643,-0.0052731674633879205,0.9568386412993574,0.001453974,0.0015284830541821813,0.003119377526462135,caimento_ruim,0.11764705882352941,tamanho_pequeno,0.08538899430740038,modelagem_ruim,0.06261859582542695,0.2656546489563567,Preto,0.4686907020872865,M,0.3757115749525617,445,81,Aumentou nos últimos 3 meses,"o bojo não fica bom no meu corpo e sem o bojo não me sinto a vontade || Esse material marcar mais o corpo || Comprei achando que era outra blusa  || Olá, a peça chegou rápido. Mas está um pouco descosturada na lateral. || Não vestiu bem || Não vestiu bem  || O bojo fica aparecendo pois o tecido é meio transparente tirando a beleza da peça.  || A parte que sustenta o busto marcou muito na blusa, visualmente não ficou muito bom.  || Comprei achando que era uma outra blusa que comprei anteriormente e que gostaria de comprar novamente  || Não consegui colocar o bojo no lugar certo. Ele fica mexendo.","Top problemas: caimento_ruim, tamanho_pequeno, modelagem_ruim. Top 3 concentram 26.6% das reversas com tag. Tendência: Aumentou nos últimos 3 meses.","{""cluster"":""Long tail"",""product_name"":""The Perfect Top Halter Feminino"",""first_sale_date"":""2025-12-02"",""skp_state"":""ativo_perene"",""num_colors"":3,""category_1"":""Woman"",""category_2"":""Woman Casual"",""category_3"":""Woman Casual Top"",""category_4"":""Woman Casual Top Tank Top"",""revenue_after_discounts"":488916.71,""qt_sold"":4531.0000000000218,""mc3_ratio"":0.07261089473559279,""num_products_cat4"":16,""pctl_category_relevance_company"":94.230769230769226,""viabilidade_financeira_raw"":-0.25750773199599153,""pctl_revenue_company"":49.509803921568633,""pctl_revenue_cat4"":38.461538461538467,""pctl_volume_company"":53.921568627450981,""pctl_viabilidade_company"":11.76470588235294,""manual_classification"":null,""aging"":34.269255574301482,""is_hero"":false,""is_core"":false,""processed_at"":""2026-06-12""}"
Boxy Cropped Feminino,Cropped,female,Long tail,Monitorar,0.48086956521739127,0.5139130434782608,0.43130434782608695,5128,16,5537,711514.53,534,537.0,302,225,471,2,97958.06999999999,109706.35,0.09698392631388839,0.10426281509600759,-0.0072788887821192,0.9301871067319961,0.002028476,0.0018527168719366764,0.003136902119307428,tamanho_pequeno,0.09363295880149813,caimento_ruim,0.0749063670411985,comprimento_curto,0.04681647940074907,0.2153558052434457,Preto,0.5749063670411985,M,0.36891385767790263,153,156,Estável,"Ficou muito apertada. || Justo no busto  || Esposa não gostou || A costura interna da gola é muito grossa e me incomodou. || gostaria de trocar pelo mesmo produto, porém não aparece opção de tamanho para troca. (apesar de estar disponível no site) || Uso tamanho GG mas esta modelagem não deu certo... || O tecido é bem grosso, achei que fosse mais fluido. E ficou apertando meu braço. Me tirou um pouco a mobilidade. || Estou trocando o cropped pq vou mudar a cor da calça e pegar outro da mesma cor || Ficou justa demais  || blusa não é o que eu esperava, além de apertar muito no braço","Top problemas: tamanho_pequeno, caimento_ruim, comprimento_curto. Top 3 concentram 21.5% das reversas com tag. Há concentração relevante na cor Preto. Tendência: Estável.","{""cluster"":""Long tail"",""product_name"":""Boxy Cropped Feminino"",""first_sale_date"":""2022-10-12"",""skp_state"":""ativo_perene"",""num_colors"":14,""category_1"":""Woman"",""category_2"":""Woman Casual"",""category_3"":""Woman Casual Top"",""category_4"":""Woman Casual Top Cropped"",""revenue_after_discounts"":1649326.82,""qt_sold"":13268.999999999989,""mc3_ratio"":0.14136129077168319,""num_products_cat4"":8,""pctl_category_relevance_company"":84.615384615384613,""viabilidade_financeira_raw"":-0.079899619924844137,""pctl_revenue_company"":69.117647058823522,""pctl_revenue_cat4"":57.142857142857139,""pctl_volume_company"":67.64705882352942,""pctl_viabilidade_company"":35.784313725490193,""manual_classification"":null,""aging"":210.59128042949732,""is_hero"":false,""is_core"":false,""processed_at"":""2026-06-12""}"
Legging InSculpt Feminino,Calça Legging,female,Breakthrough,Não priorizar agora,0.47982608695652174,0.5643478260869565,0.35304347826086957,2624,12,2820,722758.62,304,308.0,158,137,261,0,51783.20000000001,76735.7,0.10921985815602837,0.10406332453825858,0.0051565336177697985,1.049551882381713,0.002060532,0.0009435906770564254,0.001799191532116737,tamanho_grande,0.08881578947368421,caimento_ruim,0.06578947368421052,tecido_qualidade_ruim,0.049342105263157895,0.20394736842105263,Cappuccino Brown,0.4144736842105263,M,0.47368421052631576,86,148,Caiu nos últimos 3 meses,"o tom é bem claro, comprei pra usar no trabalho e para viagens.  || Um pouco transparente no bumbum || Adorei a calça, mas preciso do tamanho menor. Vai ter reposição da calça preta no tamanho P? || Gostei || Essa peça não ficou confortável ao vestir. || Transparente  || esse modelo de calça não tem no tamanho PP por isso peguei a P mesmo, mas trocarei de modelo por uma PP. || Não gostei.  || A embalagem de entrega estava bastante molhada e ao abrir o produto estava manchado. Mesmo após secar a mancha permaneceu. Entrei em contato pelo whatsapp e fui instruída a não lavar e pedir a troca, uma vez que a calça não foi usada e a etiqueta está intacta.  || nao gostei da qualidade ","Top problemas: tamanho_grande, caimento_ruim, tecido_qualidade_ruim. Top 3 concentram 20.4% das reversas com tag. Tendência: Caiu nos últimos 3 meses.","{""cluster"":""Breakthrough"",""product_name"":""Legging InSculpt Feminino"",""first_sale_date"":""2025-11-05"",""skp_state"":""ativo_perene"",""num_colors"":3,""category_1"":""Woman"",""category_2"":""Woman Fitness/Sportswear"",""category_3"":""Woman Fitness/Sportswear Bottoms"",""category_4"":""Woman Fitness/Sportswear Bottoms Leggings/Pants"",""revenue_after_discounts"":739231.33,""qt_sold"":2988.0000000000141,""mc3_ratio"":0.318030158826221,""num_products_cat4"":6,""pctl_category_relevance_company"":80.769230769230774,""viabilidade_financeira_raw"":-0.12857259650547165,""pctl_revenue_company"":56.862745098039213,""pctl_revenue_cat4"":20,""pctl_volume_company"":45.588235294117645,""pctl_viabilidade_company"":27.941176470588236,""manual_classification"":""Breakthrough"",""aging"":61.947830266347545,""is_hero"":false,""is_core"":false,""processed_at"":""2026-06-12""}"
Perfect Body Manga Longa Feminino,Body,female,Lancamento,Não priorizar agora,0.4754782608695652,0.5304347826086956,0.3930434782608696,4234,14,4593,674184.0,389,390.0,219,164,354,0,63483.82000000001,75110.2,0.08491182233834095,0.07525267687381167,0.009659145464529284,1.1283561710465972,0.00192205,0.0015368482197589226,0.0022781970698880763,tamanho_pequeno,0.05912596401028278,caimento_ruim,0.056555269922879174,defeito_costura,0.05141388174807198,0.16709511568123395,Preto,0.480719794344473,P,0.32904884318766064,96,78,Estável,"Tecido maravilhoso, porém muito grande  || Achei apertado || . || A manga ficou muito apertada no bíceps. || Não fica legal usar com sutiã e achei que a peça ficou um pouco transparente no corpo.  || O material me lembrou bastante o de roupas de academia, e não ficou bom com as outras peças com as quais eu pretendia usar o body (saias, calças sociais etc.). || Na primeira utilização o produto descosturou na axila.  || A blusa é boa, mas vou deixar para comprovar novamente, em tamanho maior, na meia-estação. || Comprei na loja física pois o prazo de entrega era maior do que eu gostaria  || Ele coube, mas como o outro (marrom) descosturou na axila, prefiro trocar por um tamanho maior, pois pretendo manter meu novo body. Esse nunca foi usado.","Top problemas: tamanho_pequeno, caimento_ruim, defeito_costura. Top 3 concentram 16.7% das reversas com tag. Tendência: Estável.","{""cluster"":""Lancamento"",""product_name"":""Perfect Body Manga Longa Feminino"",""first_sale_date"":""2025-09-15"",""skp_state"":""ativo_em_lancamento"",""num_colors"":3,""category_1"":""Woman"",""category_2"":""Woman Casual"",""category_3"":""Woman Casual One-Piece"",""category_4"":""Woman Casual One-Piece Body"",""revenue_after_discounts"":697368.17,""qt_sold"":4807.9999999999136,""mc3_ratio"":0.18654770945795071,""num_products_cat4"":2,""pctl_category_relevance_company"":34.615384615384613,""viabilidade_financeira_raw"":-0.063011694712921618,""pctl_revenue_company"":54.901960784313729,""pctl_revenue_cat4"":0,""pctl_volume_company"":55.392156862745104,""pctl_viabilidade_company"":38.235294117647058,""manual_classification"":null,""aging"":132.12699224360449,""is_hero"":false,""is_core"":false,""processed_at"":""2026-06-12""}"
Regata NEXTECH Feminino,Regata,female,KILL,Não priorizar agora,0.47321739130434787,0.6043478260869566,0.27652173913043476,2742,12,3226,404973.35,337,338.0,219,116,303,0,57672.209999999985,43317.64,0.10477371357718537,0.07655261258789639,0.028221100989288983,1.3686497434282339,0.00115455,0.001079440966022705,0.001974437460569666,tecido_transparente,0.10979228486646884,tamanho_pequeno,0.09495548961424333,caimento_ruim,0.07418397626112759,0.2789317507418398,Off White,0.39762611275964393,M,0.41543026706231456,98,133,Caiu nos últimos 3 meses,"Muito comprida || Ficou apertada e marcando . || Muito justa ao corpo. || Transparente e coloração levemente diversa  || Muito justa e transparente || Minha mãe não gostou muito do tecido. Eu já comprei várias camisetas com vocês antes e sempre gostei, mas ela não se adaptou muito ao material dessas regatas. || Minha mãe não gostou muito do tecido. Eu já comprei várias camisetas com vocês antes e sempre gostei, mas ela não se adaptou muito ao material dessas regatas || Ficou apertada || Totalmente transparente  || Nao vestiu bem em mim ","Top problemas: tecido_transparente, tamanho_pequeno, caimento_ruim. Top 3 concentram 27.9% das reversas com tag. Tendência: Caiu nos últimos 3 meses.","{""cluster"":""KILL"",""product_name"":""Regata NEXTECH Feminino"",""first_sale_date"":""2025-10-02"",""skp_state"":""ativo_em_lancamento"",""num_colors"":3,""category_1"":""Woman"",""category_2"":""Woman Casual"",""category_3"":""Woman Casual Top"",""category_4"":""Woman Casual Top Tank Top"",""revenue_after_discounts"":384973.68,""qt_sold"":3196.0000000000082,""mc3_ratio"":0.24060472206147529,""num_products_cat4"":16,""pctl_category_relevance_company"":94.230769230769226,""viabilidade_financeira_raw"":0.15422249757428358,""pctl_revenue_company"":48.03921568627451,""pctl_revenue_cat4"":30.76923076923077,""pctl_volume_company"":47.549019607843135,""pctl_viabilidade_company"":70.098039215686271,""manual_classification"":""KILL"",""aging"":67.105512709684945,""is_hero"":false,""is_core"":false,""processed_at"":""2026-06-12""}"
Tech T-shirt High Neck Long Sleeve Feminino,T-shirt,female,Core,Não priorizar agora,0.4721739130434782,0.3591304347826087,0.6417391304347826,10894,22,13289,2031780.2,610,615.0,332,272,520,3,99426.02,130534.27000000002,0.04627887726691248,0.05496738950982482,-0.008688512242912338,0.8419333295542558,0.005792458,0.0044465874139726375,0.003592541533285043,defeito_gola,0.13114754098360656,conforto_negativo,0.060655737704918035,caimento_ruim,0.05081967213114754,0.24262295081967214,Preto,0.3950819672131147,M,0.319672131147541,273,108,Aumentou nos últimos 3 meses,A peça veio com manchas. || O produto veio descosturado na manga  || Não é elegante || Pedido atrasado  || Quero pegar um tamanho maior || Defeito na costura || Marcou o corpo. || Ficou muito larga  || Não gostei da cor escolhida  || Na,"Top problemas: defeito_gola, conforto_negativo, caimento_ruim. Top 3 concentram 24.3% das reversas com tag. Tendência: Aumentou nos últimos 3 meses.","{""cluster"":""Core"",""product_name"":""Tech T-shirt High Neck Long Sleeve Feminino"",""first_sale_date"":""2023-08-14"",""skp_state"":""ativo_perene"",""num_colors"":11,""category_1"":""Woman"",""category_2"":""Woman Casual"",""category_3"":""Woman Casual Top"",""category_4"":""Woman Casual Top T-Shirt"",""revenue_after_discounts"":3332121.05,""qt_sold"":25776.999999999985,""mc3_ratio"":0.23734591479916681,""num_products_cat4"":30,""pctl_category_relevance_company"":98.076923076923066,""viabilidade_financeira_raw"":0.49312842337223911,""pctl_revenue_company"":82.843137254901961,""pctl_revenue_cat4"":66.666666666666657,""pctl_volume_company"":82.843137254901961,""pctl_viabilidade_company"":90.196078431372555,""manual_classification"":null,""aging"":94.443162854473883,""is_hero"":false,""is_core"":true,""processed_at"":""2026-06-12""}"
Modern Top Feminino,Top Esportivo,female,Long tail,Não priorizar agora,0.4669565217391303,0.6321739130434781,0.21913043478260869,2302,4,2349,333963.43,310,315.0,168,136,269,0,43709.26499999999,65625.02,0.13409961685823754,0.13409961685823754,0.0,1.0,0.000952105,0.0007859909575906182,0.0018400822487557539,caimento_ruim,0.15483870967741936,modelagem_ruim,0.13548387096774195,tamanho_pequeno,0.08387096774193549,0.3741935483870968,Preto,1.0,M,0.43870967741935485,153,93,Aumentou nos últimos 3 meses,"Não ficou bom no meu corpo || Mesmo problema encontrado na minha última compra, gosto muito dos tops com bojo embutido mas houve um piora na qualidade dos bojos. Eles parecem um pedaço de papelão duro, fica desconfortável e marcam. No caso do Top fitness da pra ver com muita clareza o elástico. Bem diferente do acabamento prometido nas fotos.  || O saco de lavagem para o produto está com falha na costura. || A custura interna acima do peito deixa a peça com péssimo acabamento e não fica bonita no corpo || Não gostei do caimento, muito grosso || Modelagem pequena || Lycra ótima! Por isso q acho que o GG vai ficar mais confortável.  || o top é lindo, mas tem uma costura péssima na altura do seio que par quem tem seio mais caido, nao serve a altura || Achei que fosse outra coisa  || O comprimento era maior q eu esperava. Não me vestiu bem.","Top problemas: caimento_ruim, modelagem_ruim, tamanho_pequeno. Top 3 concentram 37.4% das reversas com tag. Há concentração relevante na cor Preto. Tendência: Aumentou nos últimos 3 meses.","{""cluster"":""Long tail"",""product_name"":""Modern Top Feminino"",""first_sale_date"":""2023-05-23"",""skp_state"":""ativo_perene"",""num_colors"":1,""category_1"":""Woman"",""category_2"":""Woman Fitness/Sportswear"",""category_3"":""Woman Fitness/Sportswear Top"",""category_4"":""Woman Fitness/Sportswear Top Tops"",""revenue_after_discounts"":323597.01,""qt_sold"":2542.9999999999941,""mc3_ratio"":0.097388469247002882,""num_products_cat4"":6,""pctl_category_relevance_company"":57.692307692307686,""viabilidade_financeira_raw"":-0.39434211477533282,""pctl_revenue_company"":44.117647058823529,""pctl_revenue_cat4"":33.333333333333329,""pctl_volume_company"":43.627450980392155,""pctl_viabilidade_company"":4.9019607843137258,""manual_classification"":null,""aging"":76.852606429032534,""is_hero"":false,""is_core"":false,""processed_at"":""2026-06-12""}"
Vestido Wingsuit Feminino,Vestido,female,Long tail,Não priorizar agora,0.4586086956521738,0.5034782608695652,0.3913043478260869,2597,8,2649,1016971.59,316,321.0,158,151,265,3,67435.23000000001,109201.07999999999,0.12117780294450736,0.16338701443356385,-0.042209211489056486,0.741661161779662,0.002899312,0.0008863729445115145,0.0018751314344463397,caimento_ruim,0.16455696202531644,modelagem_ruim,0.10759493670886076,conforto_negativo,0.056962025316455694,0.3291139240506329,Preto,0.5854430379746836,M,0.4240506329113924,162,39,Aumentou nos últimos 3 meses,apertado no pescoço. || Não gostei  || Gostaria de trocar pelo tamanho G || Preferência de cor || Me apertou nos braços ( circunferência do biceps) e no pescoço  || Não gostei no meu corpo  || Ficou grande a peça  || Não vestiu como imaginei.  || Faltou o cinto || Achei a gola muito justa imaginava ser igual a wingsuit,"Top problemas: caimento_ruim, modelagem_ruim, conforto_negativo. Top 3 concentram 32.9% das reversas com tag. Há concentração relevante na cor Preto. Tendência: Aumentou nos últimos 3 meses.","{""cluster"":""Long tail"",""product_name"":""Vestido Wingsuit Feminino"",""first_sale_date"":""2023-09-14"",""skp_state"":""ativo_perene"",""num_colors"":2,""category_1"":""Woman"",""category_2"":""Woman Casual"",""category_3"":""Woman Casual Dresses"",""category_4"":""Woman Casual Dresses Dress Midi"",""revenue_after_discounts"":932249.97,""qt_sold"":2770.0000000000241,""mc3_ratio"":0.39911797950923555,""num_products_cat4"":5,""pctl_category_relevance_company"":61.53846153846154,""viabilidade_financeira_raw"":0.38204938780150116,""pctl_revenue_company"":61.764705882352942,""pctl_revenue_cat4"":50,""pctl_volume_company"":44.6078431372549,""pctl_viabilidade_company"":85.7843137254902,""manual_classification"":null,""aging"":24.345789552863057,""is_hero"":false,""is_core"":false,""processed_at"":""2026-06-12""}"
Blusa de Alça FutureForm Feminino,T-shirt,female,Lancamento,Não priorizar agora,0.44904347826086954,0.5791304347826087,0.2539130434782608,2057,16,2360,391422.55,242,243.0,145,96,212,0,48620.880000000005,55751.6,0.10296610169491525,0.05496738950982482,0.047998712185090435,1.873221606722131,0.001115917,0.0007896716304443843,0.0014194920204687244,caimento_ruim,0.11983471074380166,modelagem_ruim,0.09090909090909091,tamanho_pequeno,0.07024793388429752,0.2809917355371901,New Khaki,0.2768595041322314,M,0.3925619834710744,118,124,Estável,"A peça é maravilhosa, mas, infelizmente, ficou extremamente justa no meu busto || Cor feia || Adorei a blusa. So ficou larga. || Poderia ter tamanho maior que GG || Mas adorei, o tamanho menor vai ficar ótimo! || Apenas triste pelo produto ter vindo com defeito perceptível, do restante...tudo certo! || Era presente e a pessoa não gostou do caimento e modelo || Nao gostei do caimento no meu corpo || peca é muito pequena. modelo nao veste bem || ficou largo na cava","Top problemas: caimento_ruim, modelagem_ruim, tamanho_pequeno. Top 3 concentram 28.1% das reversas com tag. Tendência: Estável.","{""cluster"":""Lancamento"",""product_name"":""Blusa de Alça FutureForm Feminino"",""first_sale_date"":""2025-12-05"",""skp_state"":""ativo_em_lancamento"",""num_colors"":4,""category_1"":""Woman"",""category_2"":""Woman Casual"",""category_3"":""Woman Casual Top"",""category_4"":""Woman Casual Top Tank Top"",""revenue_after_discounts"":380386.87,""qt_sold"":2305.9999999999632,""mc3_ratio"":0.25782261720327665,""num_products_cat4"":16,""pctl_category_relevance_company"":94.230769230769226,""viabilidade_financeira_raw"":0.072904031608289149,""pctl_revenue_company"":47.549019607843135,""pctl_revenue_cat4"":23.076923076923077,""pctl_volume_company"":42.647058823529413,""pctl_viabilidade_company"":62.745098039215684,""manual_classification"":null,""aging"":72.13994211163471,""is_hero"":false,""is_core"":false,""processed_at"":""2026-06-12""}"
Shorts Esportivo Endorphine Masculino,Shorts Esportivo,male,Long tail,Não priorizar agora,0.44626086956521743,0.3634782608695652,0.5704347826086957,7187,12,9067,1673469.66,529,562.0,334,174,477,0,134704.11999999997,142645.72,0.06198301533031874,0.10682220328986172,-0.04483918795954298,0.5802446815492844,0.00477094,0.0030338782513725563,0.003282940393018202,caimento_ruim,0.05103969754253308,tamanho_pequeno,0.04914933837429111,modelagem_ruim,0.04725897920604915,0.14744801512287334,Preto,0.6332703213610587,M,0.3591682419659735,141,187,Estável,"durante o uso do meu shorts percebi algumas manchas que não saem, acredito que seja algum defeito do tecido, pois o outro está normal.  || Comprei outro do mesmo, pessoal! :) || Já tinha um shorts desse modelo, mas a forma da peça mudou e nenhum tamanho ficou bom.  || não gostei || Não gostei do caimento da peça. || Quero trocar o: Short Esportivo Endorphine - Preto / M
Por: Short Esportivo Endorphine - Preto / P || Meu marido sempre usa G para bermudas, entao acreditava que seria o mesmo tamanho. || O short não vestiu bem.  || Meu feedback é péssimo, fiz uma compra pra dar de presente de natal e tive a pior das piores experiências. Estava toda animada para que o meu namorado pudesse testar a marca e a tão falada tecnologia da Insider, e agora estou super frustrada, sem o presente, tendo que providenciar outro presente em cima da hora, replanejar minha vida pra ir atrás disso. Como pode ter vindo tão errado? Com itens completamente diferentes dos solicitados, além de tudo a entrega ainda atrasou, vocês não atualizam o status, nem estimativa de nova entrega, enfim pior experiência da vida em compras online, e vontade zero agora de voltar a comprar, exijo a coleta diretamente em minha casa para a devolução, me recuso a ir até uma agência dos correios pra resolver um problema de vocês. Muito frustrada mesmo. || Desejo um tamanho menor ","Top problemas: caimento_ruim, tamanho_pequeno, modelagem_ruim. Top 3 concentram 14.7% das reversas com tag. Há concentração relevante na cor Preto. Tendência: Estável.","{""cluster"":""Long tail"",""product_name"":""Shorts Esportivo Endorphine Masculino"",""first_sale_date"":""2024-12-17"",""skp_state"":""ativo_perene"",""num_colors"":7,""category_1"":""Man"",""category_2"":""Man Fitness/Sportswear"",""category_3"":""Man Fitness/Sportswear Bottoms"",""category_4"":""Man Fitness/Sportswear Bottoms Bermudas/Shorts"",""revenue_after_discounts"":2833427.79,""qt_sold"":15025.000000002077,""mc3_ratio"":0.27049589563374166,""num_products_cat4"":1,""pctl_category_relevance_company"":42.307692307692307,""viabilidade_financeira_raw"":-0.063119390761814526,""pctl_revenue_company"":79.411764705882348,""pctl_revenue_cat4"":50,""pctl_volume_company"":71.078431372549019,""pctl_viabilidade_company"":37.745098039215684,""manual_classification"":null,""aging"":180.3366294353979,""is_hero"":false,""is_core"":false,""processed_at"":""2026-06-12""}"
Boné Outdoors,Acessório,unisex,Core,Não priorizar agora,0.44365217391304346,0.3556521739130435,0.5756521739130435,13389,2,14458,1238770.91,444,447.0,162,270,363,3,27547.070000000003,88247.56999999999,0.0309171393000415,0.025620681675427286,0.005296457624614212,1.2067258666928455,0.003531646,0.004837742556341063,0.0026111643339486413,tamanho_grande,0.13063063063063063,modelagem_ruim,0.08783783783783784,caimento_ruim,0.06981981981981981,0.2882882882882883,Dark Khaki,0.6261261261261262,Único,1.0,136,178,Estável,"Não gostei da qualidade || O produto se trata de um brinde/cortesia pela compra dos demais itens. Infelizmente não existe um ""motivo"" correto a ser indicado para esta devolução, então identifiquei o motivo como ""arrependimento de compra"" || Caimento estranho na cabeça. || Não necessita mais do produto || A entrega foi dentro do prazo e o produto parece ter qualidade. Os únicos pontos negativos são o regulador de tamanho (poderia ser em velcro) e o defeito na costura. Detalhe: ainda nem tinha lavado o boné. || Produto grande  || Nunca vi um boné tão feio. Ele não tem essa estrutura que aparece na foto, super baixo. || na verdade, não ficou legal em mim.  || Boné ficou pequeno e não gostei do design do fechamento. || Não gostei do tecido na parte interna do boné / na testa ","Top problemas: tamanho_grande, modelagem_ruim, caimento_ruim. Top 3 concentram 28.8% das reversas com tag. Há concentração relevante na cor Dark Khaki. Há concentração relevante no tamanho Único. Tendência: Estável.","{""cluster"":""Core"",""product_name"":""Boné Outdoors"",""first_sale_date"":""2024-08-13"",""skp_state"":""ativo_perene"",""num_colors"":2,""category_1"":""Unissex"",""category_2"":""Unissex Accessory"",""category_3"":""Unissex Accessory Headpiece"",""category_4"":""Unissex Accessory Headpiece Cap"",""revenue_after_discounts"":1817090.04,""qt_sold"":14572.000000002485,""mc3_ratio"":0.23368620819824121,""num_products_cat4"":6,""pctl_category_relevance_company"":53.846153846153847,""viabilidade_financeira_raw"":0.032273320339519559,""pctl_revenue_company"":71.568627450980387,""pctl_revenue_cat4"":75,""pctl_volume_company"":70.588235294117652,""pctl_viabilidade_company"":54.901960784313729,""manual_classification"":null,""aging"":52.354368890607731,""is_hero"":false,""is_core"":true,""processed_at"":""2026-06-12""}"
Cueca Slip Comfort Simples Masculino,Cueca,male,Long tail,Não priorizar agora,0.4424347826086956,0.3060869565217391,0.6469565217391304,9771,5,24725,1322805.48,289,533.0,211,71,272,4,34379.81628571428,25468.50833333333,0.02155712841253792,0.02260982533801665,-0.0010526969254787306,0.953440731640297,0.003771222,0.008273148755397204,0.003113535995513704,defeito_furo_rasgo,0.07612456747404844,defeito_costura,0.04498269896193772,tecido_qualidade_ruim,0.04152249134948097,0.16262975778546712,Preto,1.0,G,0.35986159169550175,53,78,Caiu nos últimos 3 meses,"O corte e as costuras da cueca não me agradaram. Ainda que eu tenha comprado o tamanho P, ficou grande e com um caimento estranho no meu corpo. || Estou acostunado a usar cuecas da marca Pool ao comparar a insider lado a lado não gostei do seu tamanho. || A tamanho M ficou grande, gosto de cueca mais justa. O provador virtual indicou tamanho G e mesmo eu optando por M, ficou grande. || N || 2 unidades soltou a costura lateral, ja adiqui 13 todas as outras estao perfeitas || cós da cueca não é revestido no eslástico || Tamanho M ficou muito grande pra mim. || Comprei para meu filho de 14 anos e, diferente da boxer P, não vestiu bem || tamanho || O produto era presente e o presentado não gostou do modelo...","Top problemas: defeito_furo_rasgo, defeito_costura, tecido_qualidade_ruim. Top 3 concentram 16.3% das reversas com tag. Há concentração relevante na cor Preto. Tendência: Caiu nos últimos 3 meses.","{""cluster"":""Long tail"",""product_name"":""Cueca Slip Comfort Simples Masculino"",""first_sale_date"":""2022-08-08"",""skp_state"":""ativo_perene"",""num_colors"":1,""category_1"":""Man"",""category_2"":""Man Underwear"",""category_3"":""Man Underwear Bottoms"",""category_4"":""Man Underwear Bottoms Underpants"",""revenue_after_discounts"":1458863.07,""qt_sold"":26468.000000000025,""mc3_ratio"":0.083716011252836481,""num_products_cat4"":7,""pctl_category_relevance_company"":96.15384615384616,""viabilidade_financeira_raw"":-0.21156033119538745,""pctl_revenue_company"":67.64705882352942,""pctl_revenue_cat4"":0,""pctl_volume_company"":83.82352941176471,""pctl_viabilidade_company"":16.176470588235293,""manual_classification"":null,""aging"":92.029740652455914,""is_hero"":false,""is_core"":false,""processed_at"":""2026-06-12""}"
Macacão Fitness InSculpt Feminino,Macacão,female,Breakthrough,Não priorizar agora,0.4384347826086957,0.5730434782608695,0.2365217391304348,1015,8,1063,448568.5,133,133.0,79,50,113,0,39484.15000000001,49623.020000000004,0.1251175917215428,0.1251175917215428,0.0,1.0,0.001278836,0.0003556868403230426,0.0007769236161413183,caimento_ruim,0.19548872180451127,modelagem_ruim,0.15789473684210525,tamanho_grande,0.09022556390977443,0.44360902255639095,Preto,0.556390977443609,P,0.3007518796992481,28,45,Caiu nos últimos 3 meses,"Achei que tivesse maior compressão  || Recebi um produto diferente- macacão curto, mas quero o longo || Não vestiu bem por causa das faixas das costas, não fiquei a vontade pois meus seios são grandes || A compra foi ótima, só não caiu bem no meu corpo. || A peça é bonita, mas não caiu bem em mim. Também não achei prática a forma de colocar e tirar o macacão. || uma das alças está descosturando || Veio manchado o meu macacão. Queria trocar por um igual sem manchas. 
Vou pedir o M do preto, pois o G ficou meio grande.  || Também achei o tecido fino e marca um pouco a lingerie || Não vestiu bem, muito largo na cintura e cós pequeno. Tbm não gosto muito de tecido brilhoso. || Não preciso","Top problemas: caimento_ruim, modelagem_ruim, tamanho_grande. Top 3 concentram 44.4% das reversas com tag. Há concentração relevante na cor Preto. Tendência: Caiu nos últimos 3 meses.","{""cluster"":""Breakthrough"",""product_name"":""Macacão Fitness InSculpt Feminino"",""first_sale_date"":""2025-11-05"",""skp_state"":""ativo_perene"",""num_colors"":2,""category_1"":""Woman"",""category_2"":""Woman Fitness/Sportswear"",""category_3"":""Woman Underwear One Piece"",""category_4"":""Woman Fitness/Sportswear One Piece Jumpsuit"",""revenue_after_discounts"":410199.8,""qt_sold"":998.00000000000682,""mc3_ratio"":0.42549291128846878,""num_products_cat4"":1,""pctl_category_relevance_company"":19.230769230769234,""viabilidade_financeira_raw"":-0.02114796955368653,""pctl_revenue_company"":48.529411764705884,""pctl_revenue_cat4"":50,""pctl_volume_company"":28.431372549019606,""pctl_viabilidade_company"":46.568627450980394,""manual_classification"":""Breakthrough"",""aging"":34.492726214051814,""is_hero"":false,""is_core"":false,""processed_at"":""2026-06-12""}"
Calcinha Safe Feminino,Underwear,female,Long tail,Não priorizar agora,0.4333913043478261,0.368695652173913,0.5304347826086957,8208,23,14649,850342.62,508,615.0,329,170,467,0,73864.18000000001,57616.07,0.04198238787630555,0.04652831994358677,-0.004545932067281218,0.902297523899575,0.002424265,0.004901652421347367,0.003592541533285043,caimento_ruim,0.047244094488188976,modelagem_ruim,0.047244094488188976,tamanho_grande,0.03937007874015748,0.13385826771653545,Woodsmoke,0.43503937007874016,G,0.33070866141732286,140,106,Aumentou nos últimos 3 meses,"Minha esposa é deficiente, tentei o maior tamanho disponível, mas o corpo dela não segue um padrão comum e a peça não se ajustou. Infelizmente tentamos experimentar ao menos uma de cada cor do pedido, para ver se serviria, mas infelizmente não serviu. || Costura muito apertada na perna!  || Muito alta || A peça é muito alta e ficou solta no corpo, imaginei uma peça mais encorpada e certa || Era pra avó. Muito grande || Experimentei por cima de uma calcinha limpa. || Modelo não me serviu || Ficou realmente muito grande! Ainda não consegui acertar muito com as medidas do site. :) || A calcinha é enorme, e na foto parecia menor - não o tamanho g, gg mas a calcinha em si  || Quero trocar por outros produtos","Top problemas: caimento_ruim, modelagem_ruim, tamanho_grande. Top 3 concentram 13.4% das reversas com tag. Tendência: Aumentou nos últimos 3 meses.","{""cluster"":""Long tail"",""product_name"":""Calcinha Safe Feminino"",""first_sale_date"":""2021-05-23"",""skp_state"":""ativo_perene"",""num_colors"":15,""category_1"":""Woman"",""category_2"":""Woman Underwear"",""category_3"":""Woman Underwear Bottoms"",""category_4"":""Woman Underwear Bottoms"",""revenue_after_discounts"":1356356.27,""qt_sold"":23209.999999999975,""mc3_ratio"":-0.090358917437057665,""num_products_cat4"":8,""pctl_category_relevance_company"":75,""viabilidade_financeira_raw"":-0.075042865611781334,""pctl_revenue_company"":67.156862745098039,""pctl_revenue_cat4"":85.714285714285708,""pctl_volume_company"":81.372549019607845,""pctl_viabilidade_company"":36.274509803921568,""manual_classification"":null,""aging"":131.7102393016385,""is_hero"":false,""is_core"":false,""processed_at"":""2026-06-12""}"
HighTech T-shirt LifeProof Masculino,T-shirt,male,Breakthrough,Não priorizar agora,0.4292173913043478,0.44869565217391305,0.39999999999999997,3282,15,4131,805832.2,262,275.0,172,77,233,0,50411.229999999996,41318.216,0.06656983781166788,0.05496738950982482,0.011602448301843059,1.2110787578836948,0.002297369,0.0013822599599007423,0.0016064210108185154,tamanho_grande,0.09923664122137404,modelagem_ruim,0.05343511450381679,caimento_ruim,0.04580152671755725,0.1984732824427481,Off White,0.4389312977099237,M,0.3244274809160305,86,176,Caiu nos últimos 3 meses,"tudo ok || Produto parece ótimo. Mas achei que seria maior || Estava com altas expectativas para usar a camisa, mas fiquei extremamente decepcionado. Assim que tirei da embalagem, notei um furo visível no tecido. É frustrante pagar por um produto novo e recebê-lo danificado. Agora terei todo o trabalho de solicitar a troca. Não recomendo a experiência. || Veio camisa no tamanho M sendo que pedi P || As numerações não correspondem ao tamanho real. Eu visto M. Já é a terceira vez que troco. Comprei 3
A preta veio M tamanho M, a azul e a branca vieram M mas com tamanho G. Solicitei troca da azul e da branca. A azul veio P com tamanho M, mas a branca veio p com tamanho p. Então estou solicitando novamente o tamanho M. Espero q venha correto. Não aguento mais. Péssima experiência.  || Estou entrando em contato para relatar um problema com uma camiseta HighTech T-Shirt LifeProof que adquiri recentemente para o meu marido.

O produto é apresentado como uma peça de alta tecnologia, com resistência superior e propriedades como repelência a líquidos. Justamente por isso, tive um cuidado especial já na primeira lavagem, que, inclusive, foi realizada antes do primeiro uso.

A lavagem foi feita apenas com água e sabão neutro, sem contato com outras peças, e a secagem ocorreu à sombra, seguindo corretamente as orientações indicadas para o produto.

No entanto, mesmo com todos esses cuidados, a camiseta apresentou manchas após a secagem (conforme imagem em anexo), o que inviabilizou completamente o uso da peça.

Diante disso, gostaria de solicitar a troca do produto, considerando que o problema ocorreu antes mesmo do primeiro uso e seguindo corretamente todas as recomendações de lavagem.

Fico no aguardo de orientações sobre como proceder.

Obrigada desde já pela atenção. || Adorei a peça comparado com os últimos problemas, só questão do tamanho mesmo que seguindo medidas corporais n bateu com que recebi. || nao curti o deisgn || Eu comprei 3 blusas tamanho XGG e as 3 vieram com tamanhos diferentes sendo que duas d mesmo modelo. A life proof que estou devolvendo está 4 dedos a menos que a t-shirt heavy XGG de uma compra anterior. || Na caiu bem em mim","Top problemas: tamanho_grande, modelagem_ruim, caimento_ruim. Top 3 concentram 19.8% das reversas com tag. Tendência: Caiu nos últimos 3 meses.","{""cluster"":""Breakthrough"",""product_name"":""HighTech T-shirt LifeProof Masculino"",""first_sale_date"":""2025-12-11"",""skp_state"":""ativo_perene"",""num_colors"":3,""category_1"":""Man"",""category_2"":""Man Casual"",""category_3"":""Man Casual Top"",""category_4"":""Man Casual Top T-Shirt"",""revenue_after_discounts"":820476.54,""qt_sold"":4177.0000000000537,""mc3_ratio"":0.30933528521865272,""num_products_cat4"":48,""pctl_category_relevance_company"":100,""viabilidade_financeira_raw"":-0.21501419325971963,""pctl_revenue_company"":60.294117647058819,""pctl_revenue_cat4"":35.294117647058826,""pctl_volume_company"":51.470588235294116,""pctl_viabilidade_company"":15.196078431372548,""manual_classification"":""Breakthrough"",""aging"":35.147860566817265,""is_hero"":false,""is_core"":false,""processed_at"":""2026-06-12""}"
The Perfect Top V Feminino,Tops,female,Long tail,Não priorizar agora,0.427304347826087,0.611304347826087,0.15130434782608695,1335,12,1571,161985.79,201,203.0,115,78,185,0,24413.399999999998,30435.03,0.12921705919796309,0.12217334259473643,0.007043716603226655,1.057653465589392,0.00046181,0.0005256670048424271,0.001185830782531486,caimento_ruim,0.15422885572139303,tamanho_pequeno,0.13930348258706468,modelagem_ruim,0.11940298507462686,0.4129353233830846,Preto,0.5771144278606966,M,0.3781094527363184,10,169,Caiu nos últimos 3 meses,"Ficou muito marcado o busto, transparente, diferente do perfect top que já tenho || A peça me serve, mas ficou muito justa e isso me causa incômodo. || O top tem um tecido que enruga...e o bojo de dentro fica virando e muitas vezes fica para baixo.  || Forro menor que a blusa o que empobrece bastante a blusa. Uma pequena porque é muito linda e de qualidade  || Achei que era um top fixo interno como o da Uniqlo, mas é um bojo solto que veio bem marcado, com dobras || Essa peça parece outra. Na foto do produto parece uma camiseta abaixo do umbigo, mais solta. Veio curta e justa. Ficou acima do umbigo e parece um top. Não acredito nem que uma numeração maior vá resolver. || Geralmente eu uso o the perfect top de alça fina tamanho P ou M. Mas essa peça com decote V é mais justa e marca mais a cintura. Gostaria de trocar por uma maior, tamanho G, mas infelizmente não tem  || Seria importante ter um alerta sobre o tamanho do produto. Menor do que o usual. || Não vestiu bem. O pedaço sem forro fica de cor diferente e transparente. || Não  gostei da cor","Top problemas: caimento_ruim, tamanho_pequeno, modelagem_ruim. Top 3 concentram 41.3% das reversas com tag. Há concentração relevante na cor Preto. Tendência: Caiu nos últimos 3 meses.","{""cluster"":""Long tail"",""product_name"":""The Perfect Top V Feminino"",""first_sale_date"":""2025-11-28"",""skp_state"":""ativo_perene"",""num_colors"":3,""category_1"":""Woman"",""category_2"":""Woman Casual"",""category_3"":""Woman Casual Top"",""category_4"":""Woman Casual Top Tank Top"",""revenue_after_discounts"":146747.77,""qt_sold"":1544.9999999999586,""mc3_ratio"":-0.02005357364026095,""num_products_cat4"":16,""pctl_category_relevance_company"":94.230769230769226,""viabilidade_financeira_raw"":-0.37588421467109379,""pctl_revenue_company"":31.372549019607842,""pctl_revenue_cat4"":7.6923076923076925,""pctl_volume_company"":33.333333333333329,""pctl_viabilidade_company"":5.88235294117647,""manual_classification"":null,""aging"":98.067669172932327,""is_hero"":false,""is_core"":false,""processed_at"":""2026-06-12""}"
Sutiã Flex Feminino,Underwear,female,Long tail,Não priorizar agora,0.4217391304347826,0.4721739130434782,0.34608695652173915,4336,20,4946,449041.4,322,323.0,175,139,292,1,33140.9,40234.369999999995,0.06530529720986655,0.04652831994358677,0.018776977266279783,1.403560182036358,0.001280184,0.0016549643577025107,0.0018868144963432017,modelagem_ruim,0.07453416149068323,caimento_ruim,0.052795031055900624,tamanho_pequeno,0.052795031055900624,0.18012422360248448,Woodsmoke,0.5031055900621118,42,0.43478260869565216,77,76,Estável,"A peça nao veste bem, a alça grossa até em cima acaba marcando na roupa, e se a blusa não tem manga, acaba aparecendo na lateral. || Não dá sustentação. Ficou pequeno e veste mal. || O produto não ficou bom nos meus seios, precisava talvez que fosse um modelo menos decotado para maior sustentação. || Ficou decotado.  || O sutiã ficou pequeno no seio porém grande nas costas || Nao me adaptei ao modelo || Não gostei da modelagem. Não vestiu bem. || Pessoal sou super fã e cliente. O outro sutiã ficou ótimo, mas esse, meu peito fica saindo pra fora no meio- e é o tamanho correto sabe ? Tanto que o top ficou ótimo. É pelo modelo mesmo, que não encaixou muito bem no meu peito/corpo. Não dá pra mandar foto dele e nem dele com etiqueta porque eu quando chegou experimentei e ficou ótimo. E aí quando fui usar por mais horas que ele ficou ruim- saindo o peito no meio. Entoa tá sem etiqueta
 Mas vou mandar foto do produto. Até tentei cruzar nas costas mas não adiantou  || A modelagem não ficou boa || Bem grande","Top problemas: modelagem_ruim, caimento_ruim, tamanho_pequeno. Top 3 concentram 18% das reversas com tag. Há concentração relevante na cor Woodsmoke. Tendência: Estável.","{""cluster"":""Long tail"",""product_name"":""Sutiã Flex Feminino"",""first_sale_date"":""2021-11-21"",""skp_state"":""ativo_perene"",""num_colors"":14,""category_1"":""Woman"",""category_2"":""Woman Underwear"",""category_3"":""Woman Underwear Top"",""category_4"":""Woman Underwear Top"",""revenue_after_discounts"":697656.14,""qt_sold"":7607.99999999967,""mc3_ratio"":0.078765960774791768,""num_products_cat4"":3,""pctl_category_relevance_company"":51.923076923076927,""viabilidade_financeira_raw"":-0.2622275888135131,""pctl_revenue_company"":55.392156862745104,""pctl_revenue_cat4"":50,""pctl_volume_company"":61.274509803921575,""pctl_viabilidade_company"":10.294117647058822,""manual_classification"":null,""aging"":140.45717901124914,""is_hero"":false,""is_core"":false,""processed_at"":""2026-06-12""}"
Calça Director Masculino,Calça,male,Lancamento,Não priorizar agora,0.4161739130434783,0.5104347826086957,0.2747826086956522,1306,10,1426,568449.44,166,169.0,96,68,155,0,44347.63,41999.16,0.1185133239831697,0.12295430155607226,-0.0044409775729025575,0.963881071937306,0.001620608,0.00047714904449732716,0.000987218730284833,tamanho_grande,0.03614457831325301,tamanho_pequeno,0.030120481927710843,defeito_costura,0.018072289156626505,0.08433734939759036,Warm Taupe,0.6204819277108434,G,0.3192771084337349,67,16,Aumentou nos últimos 3 meses,"A peça ficou grande. || Pesquisei em diversos foruns da Insider , site, instagran, videos, para acertar o tamanho, e mesmo assim a calça ficou grande. || Não curti. || Gostei muito da peça mas o tamanho ficou grande || Muito estranho os erros de costura que vieram em comparação com as outras calças que comprei, além de que não veio com um barbante da cintura, eu queria mesmo tamanho GG mas não tem mais vou ter que pegar um tamanho g para ver como é que fica || Já tinha  || A peça ficou com comprimento e largura maior || Queria trocar pelo tamanho PP mas está indisponível.
 || A calça ficou muito comprida e também meu marido não gostou muito da cor dela. Preferia que fosse preta.  || O tecido ficou muito pesado e não vestiu bem.","Top problemas: tamanho_grande, tamanho_pequeno, defeito_costura. Top 3 concentram 8.4% das reversas com tag. Há concentração relevante na cor Warm Taupe. Tendência: Aumentou nos últimos 3 meses.","{""cluster"":""Lancamento"",""product_name"":""Calça Director Masculino"",""first_sale_date"":""2025-02-11"",""skp_state"":""ativo_em_lancamento"",""num_colors"":3,""category_1"":""Man"",""category_2"":""Man Casual"",""category_3"":""Man Casual Bottoms"",""category_4"":""Man Casual Bottoms Pants"",""revenue_after_discounts"":613206.16,""qt_sold"":1678.9999999999893,""mc3_ratio"":0.39359638175588785,""num_products_cat4"":6,""pctl_category_relevance_company"":88.461538461538453,""viabilidade_financeira_raw"":-0.14335854179247615,""pctl_revenue_company"":52.450980392156865,""pctl_revenue_cat4"":25,""pctl_volume_company"":34.313725490196077,""pctl_viabilidade_company"":25.980392156862749,""manual_classification"":null,""aging"":null,""is_hero"":false,""is_core"":false,""processed_at"":""2026-06-12""}"
Techsture Vest Feminino,Regata,female,Hero,Não priorizar agora,0.41252173913043483,0.3339130434782609,0.5304347826086957,5712,8,6184,1375486.31,348,350.0,182,162,289,0,70663.3,110672.76999999999,0.056597671410090554,0.07655261258789639,-0.019954941177805836,0.73933037027451,0.003921412,0.0020692073570627426,0.0020445358319508378,caimento_ruim,0.08333333333333333,tamanho_grande,0.04597701149425287,tecido_grosso,0.040229885057471264,0.16954022988505746,Off White,0.6293103448275862,M,0.39080459770114945,149,65,Aumentou nos últimos 3 meses,"mesma razão || A blusa é linda, mas infelizmente não vestiu bem em mim na cava. Muito obrigada! || Não serviu || achei o material muito grosso, é bonito mas não me adaptei  || Tecido mais “grosso” do que imaginei.  || Não gostei da gola  || A P ficou apertada e a M ficou larga. || Peça ficou grande
 || Nao ficou bom no corpo || Achei que não me vestiu bem. ","Top problemas: caimento_ruim, tamanho_grande, tecido_grosso. Top 3 concentram 17% das reversas com tag. Há concentração relevante na cor Off White. Tendência: Aumentou nos últimos 3 meses.","{""cluster"":""Hero"",""product_name"":""Techsture Vest Feminino"",""first_sale_date"":""2022-10-10"",""skp_state"":""ativo_perene"",""num_colors"":17,""category_1"":""Woman"",""category_2"":""Woman Casual"",""category_3"":""Woman Casual Top"",""category_4"":""Woman Casual Top Tank Top"",""revenue_after_discounts"":3924152.98,""qt_sold"":18400.999999999982,""mc3_ratio"":0.270862953197858,""num_products_cat4"":16,""pctl_category_relevance_company"":94.230769230769226,""viabilidade_financeira_raw"":0.079107421543416434,""pctl_revenue_company"":84.803921568627445,""pctl_revenue_cat4"":92.3076923076923,""pctl_volume_company"":75.490196078431367,""pctl_viabilidade_company"":64.2156862745098,""manual_classification"":null,""aging"":207.82498130675279,""is_hero"":true,""is_core"":false,""processed_at"":""2026-06-12""}"
Perfect Body Decote U Feminino,Body,female,Lancamento,Não priorizar agora,0.4027826086956522,0.38956521739130434,0.42260869565217396,4936,14,5400,710915.73,362,362.0,201,149,320,0,53053.57000000001,65665.74,0.06703703703703703,0.07525267687381167,-0.008215639836774632,0.8908259456264775,0.002026769,0.0018068757645761336,0.0021146342033320094,caimento_ruim,0.052486187845303865,modelagem_ruim,0.03867403314917127,tamanho_pequeno,0.027624309392265192,0.11878453038674033,Rust Brown,0.5359116022099447,M,0.3149171270718232,40,81,Caiu nos últimos 3 meses,"Ficou muito justo. || Peça grande || Ficou grande e não gostei do comprimento das mangas. || . || Não me vestiu bem || Eu acabei me emocionando com os pontos da livelo e comprei, mas foi minha primeira compra livelo e errei o link (resumindo eu fui emocionada, não consegui usar um cupom bom que aparecia e ainda não ganhei ponto livelo) || ficou pequeno  || o body ficou grande no comprimento || Fecho muito largo || Não gostei do produto ","Top problemas: caimento_ruim, modelagem_ruim, tamanho_pequeno. Top 3 concentram 11.9% das reversas com tag. Há concentração relevante na cor Rust Brown. Tendência: Caiu nos últimos 3 meses.","{""cluster"":""Lancamento"",""product_name"":""Perfect Body Decote U Feminino"",""first_sale_date"":""2025-09-15"",""skp_state"":""ativo_em_lancamento"",""num_colors"":3,""category_1"":""Woman"",""category_2"":""Woman Casual"",""category_3"":""Woman Casual One-Piece"",""category_4"":""Woman Casual One-Piece Body"",""revenue_after_discounts"":749675.37,""qt_sold"":5700.999999999839,""mc3_ratio"":0.16077558531439276,""num_products_cat4"":2,""pctl_category_relevance_company"":34.615384615384613,""viabilidade_financeira_raw"":-0.039947871652264967,""pctl_revenue_company"":57.843137254901968,""pctl_revenue_cat4"":100,""pctl_volume_company"":56.862745098039213,""pctl_viabilidade_company"":44.117647058823529,""manual_classification"":null,""aging"":136.08522775436094,""is_hero"":false,""is_core"":false,""processed_at"":""2026-06-12""}"
Regata Intech Feminino,Regata Esportivo,female,Long tail,Não priorizar agora,0.40017391304347827,0.47913043478260875,0.2817391304347826,3557,10,4067,366534.05,283,289.0,181,90,241,12,41846.9,43705.78,0.07105974920088517,0.048200352378555245,0.02285939682232993,1.4742578776768502,0.001044962,0.0013608451360242844,0.0016882024440965488,modelagem_ruim,0.06713780918727916,caimento_ruim,0.05653710247349823,tamanho_grande,0.04946996466431095,0.17314487632508835,Preto,0.5971731448763251,M,0.34275618374558303,51,65,Estável,"A abertura das costas ficou muito grande || Eu gostaria de realizar a devolução da peça e receber o estorno do valor, por favor. || A peça ficou curta e larga || terceira vez q compro o mesmo modelo, mesma cor e vem o tamanho errado. || Ficou pequeno. 
O mesmo produto XGG || Gostaria de um tamanho menor || grande || Ficou grande e transparente  || A P ainda ficou grande || .","Top problemas: modelagem_ruim, caimento_ruim, tamanho_grande. Top 3 concentram 17.3% das reversas com tag. Há concentração relevante na cor Preto. Tendência: Estável.","{""cluster"":""Long tail"",""product_name"":""Regata Intech Feminino"",""first_sale_date"":""2024-09-26"",""skp_state"":""ativo_perene"",""num_colors"":6,""category_1"":""Woman"",""category_2"":""Woman Fitness/Sportswear"",""category_3"":""Woman Fitness/Sportswear Top"",""category_4"":""Woman Fitness/Sportswear Top Tank Top"",""revenue_after_discounts"":757597.79,""qt_sold"":8192.9999999994689,""mc3_ratio"":0.142773036779813,""num_products_cat4"":3,""pctl_category_relevance_company"":32.692307692307693,""viabilidade_financeira_raw"":0.0712777495562848,""pctl_revenue_company"":58.82352941176471,""pctl_revenue_cat4"":100,""pctl_volume_company"":62.254901960784316,""pctl_viabilidade_company"":62.254901960784316,""manual_classification"":null,""aging"":233.992686067722,""is_hero"":false,""is_core"":false,""processed_at"":""2026-06-12""}"
Tech T-shirt Long Sleeve Feminino,T-shirt,female,Long tail,Não priorizar agora,0.39460869565217394,0.22869565217391305,0.6434782608695652,9827,17,13225,2052436.67,379,383.0,214,158,344,5,75709.73,80008.91,0.02896030245746692,0.05496738950982482,-0.0260070870523579,0.5268633405319454,0.005851348,0.004425172590096179,0.0022373063532490594,logistica_item_errado,0.029023746701846966,tamanho_grande,0.018469656992084433,tamanho_pequeno,0.018469656992084433,0.06596306068601583,Preto,0.34564643799472294,G,0.3034300791556728,140,46,Aumentou nos últimos 3 meses,Pessimo || Estou satisfeito com os produtos comprados; mas as femininas ficaram grandes. || Arrependimento. || Horror é acertar os tamanhos da Insider || Pequeno || Ficou apertado || A blusa ficou grande no corpo || Quero trocar por G || Pequena  || Manga apertada ,"Top problemas: logistica_item_errado, tamanho_grande, tamanho_pequeno. Top 3 concentram 6.6% das reversas com tag. Tendência: Aumentou nos últimos 3 meses.","{""cluster"":""Long tail"",""product_name"":""Tech T-shirt Long Sleeve Feminino"",""first_sale_date"":""2022-10-05"",""skp_state"":""ativo_perene"",""num_colors"":18,""category_1"":""Woman"",""category_2"":""Woman Casual"",""category_3"":""Woman Casual Top"",""category_4"":""Woman Casual Top T-Shirt"",""revenue_after_discounts"":3454566.15,""qt_sold"":22342.000000000007,""mc3_ratio"":0.30301637120566255,""num_products_cat4"":30,""pctl_category_relevance_company"":98.076923076923066,""viabilidade_financeira_raw"":0.34960302543434563,""pctl_revenue_company"":83.82352941176471,""pctl_revenue_cat4"":75,""pctl_volume_company"":79.901960784313729,""pctl_viabilidade_company"":84.313725490196077,""manual_classification"":null,""aging"":384.228964279097,""is_hero"":false,""is_core"":false,""processed_at"":""2026-06-12""}"
Calcinha Brief Corte a Laser Feminino,Calcinha,female,Lancamento,Não priorizar agora,0.3850434782608696,0.4434782608695652,0.2973913043478261,4078,18,7943,202008.28,270,409.0,184,80,239,0,28731.76,23963.129999999997,0.05149187964245247,0.04234492455789303,0.009146955084559441,1.2160106596022844,0.000575911,0.0026577804070422647,0.0023891861579082648,tamanho_grande,0.12222222222222222,tecido_qualidade_ruim,0.06666666666666667,caimento_ruim,0.04814814814814815,0.23703703703703705,Preto,0.45925925925925926,M,0.362962962962963,175,60,Aumentou nos últimos 3 meses,"Além do provador virtual, também usei como referência a calcinha safe comprada em 2024, que serviu muito bem sendo tamanho M. || Gostei muito do produto, mas medindo pelas minhas ficou grande || Não faz sentido usar calça da insider tamanho xg e a calcinha g ficar enorme! || Eu não sei como foi selecionado GG. Tenho certeza que escolhi G. || Era um presente, mas desisti. Nada contra o produto. || No site, durante a black Friday, os links promocionais estavam instáveis. Eu finalizei a compra pensando estar adquirindo outro modelo de calcinha (a brief convencional, com tecido duplo). Comprei 5, usei uma para testar, mas não gostei e estou devolvendo as outras quatro. || Meu corpo é bem fora do padrão, nas compras online não consigo acertar o tamanho de primeira. || Eu sempre uso M, mas o modelo é maior || Eu achei que tinha comprado o modelo de Fio, comprei o modelo errado/ farei a compra novamente dessa vez na categoria certa. 

 || modelo bem grande.","Top problemas: tamanho_grande, tecido_qualidade_ruim, caimento_ruim. Top 3 concentram 23.7% das reversas com tag. Tendência: Aumentou nos últimos 3 meses.","{""cluster"":""Lancamento"",""product_name"":""Calcinha Brief Corte a Laser Feminino"",""first_sale_date"":""2025-11-25"",""skp_state"":""ativo_em_lancamento"",""num_colors"":7,""category_1"":""Woman"",""category_2"":""Woman Underwear"",""category_3"":""Woman Underwear Bottoms"",""category_4"":""Woman Underwear Bottoms"",""revenue_after_discounts"":376959.73,""qt_sold"":13070.000000000528,""mc3_ratio"":-0.39771600989196437,""num_products_cat4"":8,""pctl_category_relevance_company"":75,""viabilidade_financeira_raw"":0.0031577653120396371,""pctl_revenue_company"":47.058823529411761,""pctl_revenue_cat4"":57.142857142857139,""pctl_volume_company"":67.156862745098039,""pctl_viabilidade_company"":50.980392156862742,""manual_classification"":null,""aging"":43.741997535105604,""is_hero"":false,""is_core"":false,""processed_at"":""2026-06-12""}"
Regata Nadador IN-ACTION Seamless Feminino,T-shirt,female,Lancamento,Não priorizar agora,0.38121739130434784,0.591304347826087,0.06608695652173913,508,16,642,89490.87,74,75.0,35,38,71,0,11185.630000000001,21880.780000000002,0.11682242990654206,0.05496738950982482,0.061855040396717235,2.1253043113073673,0.000255132,0.00021481745201071812,0.0004381148211323224,tamanho_pequeno,0.16216216216216217,caimento_ruim,0.12162162162162163,conforto_negativo,0.12162162162162163,0.40540540540540543,Preto,0.4864864864864865,M,0.40540540540540543,74,0,Apareceu nos últimos 3 meses,"Tecido que aperta bastante.  || Achei a peça sem elasticidade, muito difícil de vestir. Uso todas as peças tamanho P e esta ficou inviável vestir. Notei esta mesma característica nas demais peças da linha esportiva. Todas as que comprei e que são de lycra precisei trocar. || Comprei esta regata como presente de aniversário para minha esposa, porém errei no tamanho. Eu e ela somos muito fãs da Insider! || A peça está com corte irregular na cava, sobrando tecido de um dos lados. Pelas costas dá para ver uma diferença de quase três centímetros.  || Suas tabelas nunca expressam a realidade nas suas roupas, normalmente ficam apertadas e as vezes grande. Essa regata é linda, mas tem muita pressão, fica desconfortável.  || Esperava que o tecido fosse mais maleável.  || Regata muito apertada. || Ficou apertada demais. || Muito linda mas ficou muito pequena , apertada e já está no maior tamanho.  || Sou pequena, mas ficou muito justa mesmo assim. Muita compreensão. ","Top problemas: tamanho_pequeno, caimento_ruim, conforto_negativo. Top 3 concentram 40.5% das reversas com tag. Tendência: Apareceu nos últimos 3 meses.","{""cluster"":""Lancamento"",""product_name"":""Regata Nadador IN-ACTION Seamless Feminino"",""first_sale_date"":""2026-03-16"",""skp_state"":""ativo_em_lancamento"",""num_colors"":4,""category_1"":""Woman"",""category_2"":""Woman Fitness/Sportswear"",""category_3"":""Woman Fitness/Sportswear Top"",""category_4"":""Woman Fitness/Sportswear Top Tank Top"",""revenue_after_discounts"":84716.82,""qt_sold"":629.999999999994,""mc3_ratio"":0.23649349098634498,""num_products_cat4"":3,""pctl_category_relevance_company"":32.692307692307693,""viabilidade_financeira_raw"":-0.08346695936800716,""pctl_revenue_company"":25,""pctl_revenue_cat4"":0,""pctl_volume_company"":23.52941176470588,""pctl_viabilidade_company"":33.82352941176471,""manual_classification"":null,""aging"":2.5,""is_hero"":false,""is_core"":false,""processed_at"":""2026-06-12""}"
Calça Flare InSkin Feminino,Calça Legging,female,Long tail,Não priorizar agora,0.38034782608695655,0.331304347826087,0.4539130434782609,4364,4,4485,1058829.86,306,306.0,154,145,268,1,48480.62999999999,64027.389999999985,0.06822742474916388,0.10406332453825858,-0.0358358997890947,0.6556337216007381,0.003018647,0.0015007107044674,0.0017875084702198751,tamanho_pequeno,0.13071895424836602,caimento_ruim,0.12745098039215685,modelagem_ruim,0.08496732026143791,0.3431372549019608,Preto,1.0,P,0.35294117647058826,6,152,Caiu nos últimos 3 meses,"Não vestiu bem || Ela ficou muito longa, e na panturrilha ficou muito justa, então se eu fizer a barra ela vai perder a modelo flare, gostaria de trocar pela wide leg mais vi que não tem a preta um bom tempo então prefiro o estorno e assim que normalizar a wide leg preta eu faço uma nova compra || Tinha que ser PP || Ficou muito justa. || gg que nao é gg || O tecido é ruim, fino e marca muito as imperfeições corporais. Além disso, na parte de trás veio com umas manchas brancas, que a um primeiro momento parece ser linha, mas que parece se tratar, na verdade, de uma cola. É superficial e aparenta ser de fácil remoção, mas desagradou.  || Comprarei novamente, mas um tamanho maior || Não vestiu bem em mim. O material é muito bom, mas não ficou legal no meu corpo  || Ficou apertando o joelho || Em pouco tempo, a peça está cheia de pilling, mesmo lavando de acordo com as recomendações. 
Já falei com a Karina Tridico, da qualidade e entreguei a peça para a Ju Fiedler, juntamente com a etiqueta, para identificar o fornecedor. ","Top problemas: tamanho_pequeno, caimento_ruim, modelagem_ruim. Top 3 concentram 34.3% das reversas com tag. Há concentração relevante na cor Preto. Tendência: Caiu nos últimos 3 meses.","{""cluster"":""Long tail"",""product_name"":""Calça Flare InSkin Feminino"",""first_sale_date"":""2023-05-09"",""skp_state"":""ativo_perene"",""num_colors"":1,""category_1"":""Woman"",""category_2"":""Woman Fitness/Sportswear"",""category_3"":""Woman Fitness/Sportswear Bottoms"",""category_4"":""Woman Fitness/Sportswear Bottoms Leggings/Pants"",""revenue_after_discounts"":1001532.75,""qt_sold"":4524.9999999999718,""mc3_ratio"":0.2877374338255772,""num_products_cat4"":6,""pctl_category_relevance_company"":80.769230769230774,""viabilidade_financeira_raw"":0.015744600671411833,""pctl_revenue_company"":63.235294117647058,""pctl_revenue_cat4"":60,""pctl_volume_company"":53.431372549019606,""pctl_viabilidade_company"":52.941176470588239,""manual_classification"":null,""aging"":null,""is_hero"":false,""is_core"":false,""processed_at"":""2026-06-12""}"
Camiseta Polo Grafeno Edition Masculino,T-shirt,male,Breakthrough,Não priorizar agora,0.3673043478260869,0.528695652173913,0.12521739130434784,467,10,535,200603.54,52,53.0,37,15,51,0,17000.899999999998,10337.470000000001,0.09906542056074766,0.05496738950982482,0.04409803105092284,1.8022580559886476,0.000571906,0.0001790145433422651,0.0003096011402668411,caimento_ruim,0.09615384615384616,tamanho_grande,0.07692307692307693,cor_diferente_site,0.057692307692307696,0.23076923076923078,Preto,0.6730769230769231,G,0.3269230769230769,52,0,Apareceu nos últimos 3 meses,"Peça está cheio de mancha parecendo que raspei a camisa na parede, não tem uma peça da insider que não tenho problema ultimamente infelizmente a qualidade dessas peças novas estão deixando a desejar  || A peça apresenta um excesso de tecido mal distribuído na junção da manga (cava), criando um 'bico' ou caroço estrutural que deforma totalmente o caimento no corpo.  || Pessoal agora foi demais no pacote era 3 camisetas 2 Polo grafeno e 1 camiseta shirt a preta grafeno não veio como assim? || A peça é incrível. Mas preciso dela menor.  || Há tempos consumo os produtos da Insider e tenho me deparado com inconsistências relativas à tamanho x medidas do item x modelo. Inicialmente comprava a Camiseta Performance tamanho M. Logo depois tive que passar para o tamanho G. Com a descontinuidade da Performance comecei a adquirir a Performance 2 tamanho G. Logo depois tive que passar a comprar o tamanho GG. Isso tudo sem ter havido mudanças em meu peso corporal. O mesmo aconteceu com as cuecas. || Gostei da camisa, mas ficou grande em mim. || Nao gostei do tecido || Não gostou do produto || Ambas as camisas de grafeno vieram com problema na castura bem no meio! Parece que a parte de trás machou na frente!  || Nao","Top problemas: caimento_ruim, tamanho_grande, cor_diferente_site. Top 3 concentram 23.1% das reversas com tag. Há concentração relevante na cor Preto. Tendência: Apareceu nos últimos 3 meses.","{""cluster"":""Breakthrough"",""product_name"":""Camiseta Polo Grafeno Edition Masculino"",""first_sale_date"":""2026-03-23"",""skp_state"":""ativo_em_lancamento"",""num_colors"":2,""category_1"":""Man"",""category_2"":""Man Casual"",""category_3"":""Man Casual Top"",""category_4"":""Man Casual Top Polo Shirt"",""revenue_after_discounts"":181269.98,""qt_sold"":533.999999999998,""mc3_ratio"":0.3347116034659306,""num_products_cat4"":4,""pctl_category_relevance_company"":76.923076923076934,""viabilidade_financeira_raw"":-0.4527723850465038,""pctl_revenue_company"":34.313725490196077,""pctl_revenue_cat4"":0,""pctl_volume_company"":21.568627450980394,""pctl_viabilidade_company"":3.4313725490196081,""manual_classification"":""Breakthrough"",""aging"":4,""is_hero"":false,""is_core"":false,""processed_at"":""2026-06-12""}"
Calcinha Minimal Feminino,Underwear,female,Long tail,Não priorizar agora,0.36139130434782607,0.2834782608695652,0.4782608695652174,7071,17,13478,631326.46,340,450.0,238,100,297,5,47963.48666666667,43132.51,0.03338774298857397,0.04652831994358677,-0.013140576955012799,0.7175789503909644,0.001799866,0.004509828065732802,0.0026286889267939343,modelagem_ruim,0.03529411764705882,tamanho_pequeno,0.03529411764705882,caimento_ruim,0.023529411764705882,0.09411764705882353,Preto,0.5647058823529412,P,0.3235294117647059,68,47,Aumentou nos últimos 3 meses,"Eu comprei para minha esposa e ela nao gosta de fio dental. Eu nao sabia que mininal significava fio dental. || quero mudar a cor || a modelagem do produto em mim não ficou muito legal :( || Ótimo tecido || As peças ficam pequenas, gostaria de trocar por um tamanho maior.  || Não gostei  || Apertada nas laterais || Está pequeno  || Estou muito satisfeito com a compra. O problema foi somente esse detalhezinho na costura de um dos itens. || Comprei o modelo errado ","Top problemas: modelagem_ruim, tamanho_pequeno, caimento_ruim. Top 3 concentram 9.4% das reversas com tag. Há concentração relevante na cor Preto. Tendência: Aumentou nos últimos 3 meses.","{""cluster"":""Long tail"",""product_name"":""Calcinha Minimal Feminino"",""first_sale_date"":""2021-12-09"",""skp_state"":""ativo_perene"",""num_colors"":14,""category_1"":""Woman"",""category_2"":""Woman Underwear"",""category_3"":""Woman Underwear Bottoms"",""category_4"":""Woman Underwear Bottoms"",""revenue_after_discounts"":1071950.39,""qt_sold"":22245.999999999931,""mc3_ratio"":-0.11559724316635382,""num_products_cat4"":8,""pctl_category_relevance_company"":75,""viabilidade_financeira_raw"":0.15548855798079697,""pctl_revenue_company"":64.2156862745098,""pctl_revenue_cat4"":71.428571428571431,""pctl_volume_company"":79.411764705882348,""pctl_viabilidade_company"":70.588235294117652,""manual_classification"":null,""aging"":154.45569140512728,""is_hero"":false,""is_core"":false,""processed_at"":""2026-06-12""}"
Undershirt Anti Suor Gola V Masculino,Undershirt,male,Hero,Não priorizar agora,0.36139130434782607,0.2,0.6034782608695652,5880,15,12878,1678407.08,118,179.0,72,45,106,0,17670.015,20869.29,0.013899673862400994,0.01395460262322573,-5.492876082473577e-05,0.9960637531352334,0.004785017,0.004309064091891009,0.0010456340397691428,defeito_furo_rasgo,0.03389830508474576,conforto_negativo,0.025423728813559324,defeito_costura,0.025423728813559324,0.0847457627118644,Branco,0.4661016949152542,GG,0.2288135593220339,72,9,Aumentou nos últimos 3 meses,"Aguardo estorno. Obrigada  || Recebi o produto no dia 28/04/2026 e no mesmo dia já utilizei. Lavei ontem dia 29/04/2026 seguindo as orientações e dentro da bag, hoje 30/04/2026 ao dobrar a camisa para guardar percebi o defeito do rasgo abaixo do braço direito na parte de trás. Já é o terceiro produto que compro e vem com defeito em menos de 6 meses.

O único produto que não apresentou defeito foi o que recebi como cortesia depois de solicitar uma troca e ainda atrasarem meu pedido. Estou insatisfeito, pois o único produto que há no mercado que me ajuda a controlar suor são produtos da insider, mas péssima experiência tem me feito desistir de querer comprar novamente. || Furo || A peça é muito boa, mas ficou pequena. || A gola fica muito mais baixo do que aparece na foto || Quando a branca em gola v ch3har avisaem!!!! || Vou fazer uma nova compra de outra igual, mas de tamanho menor.  || O produto chegou atrasado, ia usar no domingo(17/08), alem de nao chegar no prazo, no outro dia falou que tentaram uma entrega e nao tinha ngm, que era mentira pois estava em casa e nenhum momento houve tentativa || Não tem produto disponível no tamanho desejado m. Und Irena pra são muito boas as camisas || Ficou grande. Vou trocar por um tamanho menor.","Top problemas: defeito_furo_rasgo, conforto_negativo, defeito_costura. Top 3 concentram 8.5% das reversas com tag. Tendência: Aumentou nos últimos 3 meses.","{""cluster"":""Hero"",""product_name"":""Undershirt Anti Suor Gola V Masculino"",""first_sale_date"":""2022-05-29"",""skp_state"":""ativo_perene"",""num_colors"":3,""category_1"":""Man"",""category_2"":""Man Underwear"",""category_3"":""Man Underwear Top"",""category_4"":""Man Underwear Top Undershirt"",""revenue_after_discounts"":1679117.14,""qt_sold"":13650.000000000389,""mc3_ratio"":0.25033040795746991,""num_products_cat4"":6,""pctl_category_relevance_company"":78.84615384615384,""viabilidade_financeira_raw"":-0.25208625533434248,""pctl_revenue_company"":69.6078431372549,""pctl_revenue_cat4"":100,""pctl_volume_company"":68.137254901960787,""pctl_viabilidade_company"":12.254901960784313,""manual_classification"":null,""aging"":26.533333333333335,""is_hero"":true,""is_core"":false,""processed_at"":""2026-06-12""}"
Camiseta Grafeno Edition Masculino,T-shirt,male,Lancamento,Não priorizar agora,0.36139130434782607,0.48869565217391303,0.17043478260869566,841,10,976,224923.74,82,88.0,45,33,67,0,13218.72,21269.296,0.09016393442622951,0.05496738950982482,0.03519654491640469,1.640316835677883,0.000641241,0.0003265760641159827,0.0005140547234619249,tecido_qualidade_ruim,0.07317073170731707,modelagem_ruim,0.04878048780487805,tamanho_grande,0.04878048780487805,0.17073170731707318,Preto,0.7560975609756098,G,0.3048780487804878,82,0,Apareceu nos últimos 3 meses,"achei que o material seria melhor || Comprei 2 . Uma para uso e outra para presente. Uma ficou grande e quero trocar por uma igual no tamanho GG  || Não gostei do tecido || Camiseta não teve caimento como as outras devido ao tecido e modelo. || Não caiu bem  || Demasiado brilhante e costuras expostas, não é o meu estilo || Nao gostei do material || O produto tem uma gola incômoda. || Comprei o produto para o meu filho, mas ele não gostou muito da cor. Achei melhor devolver. || Usei com base nas camisas que ja possuo ","Top problemas: tecido_qualidade_ruim, modelagem_ruim, tamanho_grande. Top 3 concentram 17.1% das reversas com tag. Há concentração relevante na cor Preto. Tendência: Apareceu nos últimos 3 meses.","{""cluster"":""Lancamento"",""product_name"":""Camiseta Grafeno Edition Masculino"",""first_sale_date"":""2026-03-23"",""skp_state"":""ativo_em_lancamento"",""num_colors"":2,""category_1"":""Man"",""category_2"":""Man Casual"",""category_3"":""Man Casual Top"",""category_4"":""Man Casual Top T-Shirt"",""revenue_after_discounts"":217998.51,""qt_sold"":966.00000000000648,""mc3_ratio"":0.25134065776967873,""num_products_cat4"":48,""pctl_category_relevance_company"":100,""viabilidade_financeira_raw"":-0.55202752607512029,""pctl_revenue_company"":37.254901960784316,""pctl_revenue_cat4"":17.647058823529413,""pctl_volume_company"":26.96078431372549,""pctl_viabilidade_company"":2.4509803921568629,""manual_classification"":null,""aging"":3,""is_hero"":false,""is_core"":false,""processed_at"":""2026-06-12""}"
Casaco de Tricot Future Knit Masculino,Casaco,male,Lancamento,Não priorizar agora,0.3568695652173913,0.5391304347826087,0.08347826086956522,168,14,182,153086.87,19,19.0,15,4,18,0,14379.130000000001,3285.3500000000004,0.1043956043956044,0.05347464286433882,0.05092096153126558,1.9522450044303852,0.00043644,6.08984053986771e-05,0.00011098908802018834,,,,,,,,Preto,0.631578947368421,G,0.42105263157894735,19,0,Apareceu nos últimos 3 meses,"A experiência da compra em si foi excelente, como em vários outros produtos da Insider que tenho. Só esta blusa knit me pareceu de tamanho exagerado, é bem maior que o esperado para o tamanho indicado.  || Não vestiu bem, ficou meio largo nos ombros e o caimento não ficou bom || Estou decepcionado, o provador virtual errou feio pro suéter (embora tenha funcionado para as Tech t-shirts, vocês poderiam calibrar isso), que ficou enorme, e a meia de brinde veio no tamanho errado (o pedido diz 39-44 e mandaram 34-38).

Eu ficaria satisfeito com um suéter cor Taupe tamanho P (mesmo que tenha de esperar um pouco mais) e uma meia spectrum mid 2.0 do tamanho correto (39-44). Vou selecionar isso de trocar por um suéter preto tamanho P meio a contragosto, pois o sistema de medida é falho e o brinde foi mandado no tamanho errado, sem direito de troca. Mudou minha boa impressão das primeiras compras. || Não tinha tamanho P disponível e pedi M. A peça está com tamanho de G. Estou devolvendo porque não tem tamanho P disponível.  || Rápido e prático a compra  || Peça é maravilhosa só preciso do tamanho G  || Adorei o tecido - muita qualidade! || A experiência da compra em si foi excelente, como em vários outros produtos da Insider que tenho. Só esta blusa knit me pareceu de tamanho exagerado, é bem maior que o esperado para o tamanho indicado. || Vendo as medidas, com a peça em mãos, nem o tamanho PP ficará bom. Quero devolver.  || Gostei muito, porém o tamanho G, ficou grande, preciso trocar pelo mesmo produto no tamanho M",Top problemas: sem tag. Top 3 concentram 0% das reversas com tag. Há concentração relevante na cor Preto. Tendência: Apareceu nos últimos 3 meses.,"{""cluster"":""Lancamento"",""product_name"":""Casaco de Tricot Future Knit Masculino"",""first_sale_date"":""2026-05-31"",""skp_state"":""ativo_em_lancamento"",""num_colors"":3,""category_1"":""Man"",""category_2"":""Man Casual"",""category_3"":""Man Casual Top"",""category_4"":""Man Casual Top Jackets/Hoodies"",""revenue_after_discounts"":134747.62,""qt_sold"":182.99999999999997,""mc3_ratio"":0.357139443935128,""num_products_cat4"":9,""pctl_category_relevance_company"":50,""viabilidade_financeira_raw"":-0.47504673709840745,""pctl_revenue_company"":29.901960784313726,""pctl_revenue_cat4"":33.333333333333329,""pctl_volume_company"":10.784313725490197,""pctl_viabilidade_company"":2.9411764705882351,""manual_classification"":null,""aging"":null,""is_hero"":false,""is_core"":false,""processed_at"":""2026-06-12""}"
Camisa Manga Curta FutureForm Feminino,Camisa Social,female,Lancamento,Não priorizar agora,0.3554782608695652,0.40695652173913044,0.2782608695652174,1818,12,2000,523379.79,207,207.0,129,75,181,0,49146.94,44775.82,0.1035,0.14211198915056203,-0.038611989150562034,0.7282988621765462,0.001492118,0.0006692132461393088,0.0012091969063252098,tamanho_grande,0.14492753623188406,caimento_ruim,0.10628019323671498,modelagem_ruim,0.06763285024154589,0.3188405797101449,New Khaki,0.38164251207729466,M,0.34782608695652173,124,83,Aumentou nos últimos 3 meses,"Poderia ser um pouco mais acinturada  || Caimento não ficou como esperado. Não tem peça PP. || não  || . || Não gostei do caimento da peça || Caimento não ficou bom em mim || Não gostei do modelo  || Achei que era uma malha de poliamida e na verdade é um tecido plano meio empapelado || Não gostei da cor. Ficou muito folgada. || cada peça tem uma medida completamente diferente, diferente do provador. Uso do P ao GG ai. primeira vez que preciso fazer troca de peça em compra online","Top problemas: tamanho_grande, caimento_ruim, modelagem_ruim. Top 3 concentram 31.9% das reversas com tag. Tendência: Aumentou nos últimos 3 meses.","{""cluster"":""Lancamento"",""product_name"":""Camisa Manga Curta FutureForm Feminino"",""first_sale_date"":""2025-12-05"",""skp_state"":""ativo_em_lancamento"",""num_colors"":4,""category_1"":""Woman"",""category_2"":""Woman Casual"",""category_3"":""Woman Casual Top"",""category_4"":""Woman Casual Top Blouses"",""revenue_after_discounts"":642724.14,""qt_sold"":2598.9999999999727,""mc3_ratio"":0.32500784109252628,""num_products_cat4"":5,""pctl_category_relevance_company"":67.3076923076923,""viabilidade_financeira_raw"":0.07079159554920586,""pctl_revenue_company"":53.921568627450981,""pctl_revenue_cat4"":50,""pctl_volume_company"":44.117647058823529,""pctl_viabilidade_company"":61.764705882352942,""manual_classification"":null,""aging"":101.68068930562595,""is_hero"":false,""is_core"":false,""processed_at"":""2026-06-12""}"
NoHo Socks,Meia,unisex,Long tail,Não priorizar agora,0.3361739130434783,0.22173913043478263,0.5078260869565218,10596,8,18314,614796.98,160,216.0,78,77,129,1,10783.300000000001,26250.44,0.01179425576062029,0.009548873789197302,0.0022453819714229883,1.2351462613280324,0.001752742,0.0061279856948976506,0.0012617706848610884,tecido_qualidade_ruim,0.0625,conforto_negativo,0.05,tamanho_pequeno,0.04375,0.15625,Black,0.325,39 a 43,0.675,31,40,Estável,"nenhum || Arrependimento  || Sem comentários  || Uma veio o tamanho certo, no caso a de cor vermelha, mas como não sei qual o código desta que está certa, estou enviando as duas para troca.  || Usei uma única vez, por pouco tempo, e ainda nem coloquei pra lavar e já está assim || Meu esposo achou parecido com meia social, e não meia para prática esporte. || Caso ReclameAqui - APROVADO || peça encolheu e ta cheia de bolinhas || Bom dia a todos. Eu adquiri as três meias do pedido do mesmo tamanho e alterando somente a cor, o que ocorreu é que tanto a meia 'storm' quanto a meia 'preta' vieram num tamanho bem menor que a 'Ferrari', que veio no tamanho esperado, como pode ser verificado pelas fotos. A diferença do cano delas chega a quatro dedos. É muita diferença. || Diferente do esperado ","Top problemas: tecido_qualidade_ruim, conforto_negativo, tamanho_pequeno. Top 3 concentram 15.6% das reversas com tag. Há concentração relevante no tamanho 39 a 43. Tendência: Estável.","{""cluster"":""Long tail"",""product_name"":""NoHo Socks"",""first_sale_date"":""2024-10-10"",""skp_state"":""ativo_perene"",""num_colors"":5,""category_1"":""Unissex"",""category_2"":""Unissex Accessory"",""category_3"":""Unissex Accessory Socks"",""category_4"":""Unissex Accessory Socks"",""revenue_after_discounts"":724771.19,""qt_sold"":19556.000000001273,""mc3_ratio"":-0.20362502837005225,""num_products_cat4"":9,""pctl_category_relevance_company"":86.538461538461547,""viabilidade_financeira_raw"":0.734686924465543,""pctl_revenue_company"":56.372549019607845,""pctl_revenue_cat4"":40,""pctl_volume_company"":76.470588235294116,""pctl_viabilidade_company"":94.6078431372549,""manual_classification"":null,""aging"":54.116101668240745,""is_hero"":false,""is_core"":false,""processed_at"":""2026-06-12""}"
Top Fitness IN-ACTION Seamless Feminino,Tops,female,Lancamento,Não priorizar agora,0.3346086956521739,0.5078260869565218,0.07478260869565218,746,12,850,92093.35,99,101.0,38,59,84,0,9338.09,27706.400000000005,0.1188235294117647,0.12217334259473643,-0.003349813182971728,0.972581472260414,0.000262551,0.00028441562960920624,0.0005899946257915275,tamanho_pequeno,0.16161616161616163,caimento_ruim,0.1111111111111111,modelagem_ruim,0.10101010101010101,0.37373737373737376,Preto,0.5252525252525253,G,0.3333333333333333,82,17,Aumentou nos últimos 3 meses,"A calça ficou muito transparente e marcando || O top ficou apertando demais mesmo pegando um tamanho maior.  || Achei bem grosso, e ficou bastante apertado. Além disso, achei as alças bem finas e pouco resistente, principalmente quando comparado com o material do top em si. || nao gostei || Não ficou bom modelo  || Desculpem,  mas eu cheguei a tirar a etiqueta ontem :( podem trocar o top  pelo g? Essa deve ser minha 11 compra || Comprei para fazer conjunto com a calca, que não deu certo. || Fica feia no meu corpo || Material muito grosso, desconfortável. || Ficou pequeno.","Top problemas: tamanho_pequeno, caimento_ruim, modelagem_ruim. Top 3 concentram 37.4% das reversas com tag. Há concentração relevante na cor Preto. Tendência: Aumentou nos últimos 3 meses.","{""cluster"":""Lancamento"",""product_name"":""Top Fitness IN-ACTION Seamless Feminino"",""first_sale_date"":""2026-02-22"",""skp_state"":""ativo_em_lancamento"",""num_colors"":3,""category_1"":""Woman"",""category_2"":""Woman Fitness/Sportswear"",""category_3"":""Woman Fitness/Sportswear Top"",""category_4"":""Woman Fitness/Sportswear Top Tops"",""revenue_after_discounts"":89726.73,""qt_sold"":825.99999999999966,""mc3_ratio"":0.18491846152381158,""num_products_cat4"":6,""pctl_category_relevance_company"":57.692307692307686,""viabilidade_financeira_raw"":-0.1590530884311751,""pctl_revenue_company"":25.490196078431371,""pctl_revenue_cat4"":0,""pctl_volume_company"":24.509803921568626,""pctl_viabilidade_company"":23.03921568627451,""manual_classification"":null,""aging"":12.558807287646538,""is_hero"":false,""is_core"":false,""processed_at"":""2026-06-12""}"
The Perfect Top Cropped Feminino,Cropped,female,Long tail,Não priorizar agora,0.3194782608695652,0.34347826086956523,0.2834782608695652,3120,12,4146,360421.26,292,297.0,172,114,249,0,36347.15000000001,47248.700000000004,0.07163531114327062,0.10426281509600759,-0.03262750395273696,0.6870648090338554,0.001027535,0.001387279059246787,0.0017349346916839966,caimento_ruim,0.08904109589041095,defeito_furo_rasgo,0.08561643835616438,tamanho_pequeno,0.06506849315068493,0.23972602739726026,Branco,0.476027397260274,M,0.4315068493150685,132,159,Estável,"Tamanho M ficou mais larguinho || Comprei dois tops do mesmo tamanho, o branco veio bem maior que o preto. || comprei tamanho G Mas veio GG
A etiqueta está com o tamanho G mas o produto GG  || O elástico apertou minha costela || ppp || O top é perfeito, aparentemente super confortável. Porém, comprei a cor errada .  || Achei muito curto, acho que não vou usar. Prefiro trocar por outro modelo que gostei mais.  || Solicitei tamanho GG e a consultora orientou que seria M, o M ficou muito apertado, tenho muita gordura na região abdominal, verifiquei que este cropped mmo no tamanho GG ficara muito apertado evidenciando,as imperfeições || Arrependimento. || Frustração em receber o produto no tamanho errado, falta de cuidado no envio correto.","Top problemas: caimento_ruim, defeito_furo_rasgo, tamanho_pequeno. Top 3 concentram 24% das reversas com tag. Tendência: Estável.","{""cluster"":""Long tail"",""product_name"":""The Perfect Top Cropped Feminino"",""first_sale_date"":""2025-12-02"",""skp_state"":""ativo_perene"",""num_colors"":3,""category_1"":""Woman"",""category_2"":""Woman Casual"",""category_3"":""Woman Casual Top"",""category_4"":""Woman Casual Top Tank Top"",""revenue_after_discounts"":362159.94,""qt_sold"":4073.0000000000464,""mc3_ratio"":0.084139719303083144,""num_products_cat4"":16,""pctl_category_relevance_company"":94.230769230769226,""viabilidade_financeira_raw"":-0.14468526265071663,""pctl_revenue_company"":46.078431372549019,""pctl_revenue_cat4"":15.384615384615385,""pctl_volume_company"":50.490196078431367,""pctl_viabilidade_company"":25,""manual_classification"":null,""aging"":78.854565087452144,""is_hero"":false,""is_core"":false,""processed_at"":""2026-06-12""}"
Boné Sixx,Acessório,unisex,Core,Não priorizar agora,0.2954782608695652,0.22695652173913045,0.3982608695652174,14756,3,15048,337023.04,312,312.0,101,202,238,4,31113.02,101825.45000000003,0.02073365231259968,0.025620681675427286,-0.004887029362827606,0.8092545145855842,0.000960828,0.005035160463952159,0.001822557655910461,tamanho_pequeno,0.07371794871794872,modelagem_ruim,0.04807692307692308,caimento_ruim,0.041666666666666664,0.16346153846153846,Preto,0.6506410256410257,Único,1.0,61,77,Estável,"Corturas e acabamentos.

Gostaria de troca pelo mesmo produto na cor Urban Grey. || Não || O motivo nao foi esse, só estou devolvendo, porque foi brinde que recebi com a compra || O boné e excelente, mas a aba dele está machucando a minha testa. Talvez se ela fosse um pouco mais reta resolvesse. || Quero a daily || Inferior ao outro modelo || O boné é muito bonito, qualidade muito boa, porém não ficou legal pra minha cabeça  || O boné veio de brinde então acho certo devolver || Devolvendo brinde || Recebi recentemente um boné adquirido em sua loja, porém o produto não coube na minha cabeça por ser de tamanho único. Por esse motivo, gostaria de solicitar o reembolso integral do valor pago, conforme previsto na política de troca por arrependimento em até 7 dias úteis após o recebimento.

O produto encontra-se novo, sem marcas de uso e com a etiqueta da Insider, atendendo aos critérios estabelecidos. Estou à disposição para enviar as imagens necessárias para comprovação.

Peço, por gentileza, que me orientem sobre o procedimento para efetivar o reembolso.

Agradeço pela atenção e aguardo retorno.","Top problemas: tamanho_pequeno, modelagem_ruim, caimento_ruim. Top 3 concentram 16.3% das reversas com tag. Há concentração relevante na cor Preto. Há concentração relevante no tamanho Único. Tendência: Estável.","{""cluster"":""Core"",""product_name"":""Boné Sixx"",""first_sale_date"":""2024-04-26"",""skp_state"":""ativo_perene"",""num_colors"":4,""category_1"":""Unissex"",""category_2"":""Unissex Accessory"",""category_3"":""Unissex Accessory Headpiece"",""category_4"":""Unissex Accessory Headpiece Cap"",""revenue_after_discounts"":2479866.46,""qt_sold"":17275.000000003231,""mc3_ratio"":0.45439319559880781,""num_products_cat4"":6,""pctl_category_relevance_company"":53.846153846153847,""viabilidade_financeira_raw"":-0.052967129843848257,""pctl_revenue_company"":77.941176470588232,""pctl_revenue_cat4"":100,""pctl_volume_company"":74.509803921568633,""pctl_viabilidade_company"":40.196078431372548,""manual_classification"":null,""aging"":53.895707963782861,""is_hero"":false,""is_core"":true,""processed_at"":""2026-06-12""}"
SneakIN Socks,Meia,unisex,Long tail,Não priorizar agora,0.28782608695652173,0.20608695652173914,0.4104347826086956,10759,4,18869,293001.15,134,192.0,59,70,94,3,9748.49,23268.339999999997,0.01017542000105994,0.009548873789197302,0.0006265462118626372,1.065614670975278,0.000835325,0.006313692370701308,0.0011215739420987452,tecido_qualidade_ruim,0.022388059701492536,defeito_costura,0.014925373134328358,logistica_item_faltando,0.014925373134328358,0.05223880597014925,Preto,0.7238805970149254,39 a 44,0.6567164179104478,25,18,Aumentou nos últimos 3 meses,"Devolução de brinde junto ao produto principal || Eu achei estranho as meias ficarem tão pequenas, só isso. || No primeiro uso a meia começou a rasgar na costura e tbm começou a formar bolinhas  || BRINDE || Imagino que as meias sejam realmente ótimas, mas, após a compra, fiz umas pesquisas e acabei achando outra opção que me agradou mais. Portanto, quero fazer a devolução e ter meu dinheiro de volta. Nem mesmo abri o pacote.  || Ficou apertando o pé  || A meia não tinha uma qualidade tao boa quanto eu esperava  || não veio || Olá. Gostaria de trocar pelo mesmo produto, porém não tem nenhuma opção com o meu tamanho (34 a 38), por isso tive que selecionar cupom. Caso fique disponível, agradeceria se pudessem enviar juntamente com o casado, pois não gostaria de ter que pagar frete depois, ainda mais porque somente estou devolvendo porque veio com defeito. || A meia estou devolvendo pois foi brinde pela compra","Top problemas: tecido_qualidade_ruim, defeito_costura, logistica_item_faltando. Top 3 concentram 5.2% das reversas com tag. Há concentração relevante na cor Preto. Há concentração relevante no tamanho 39 a 44. Tendência: Aumentou nos últimos 3 meses.","{""cluster"":""Long tail"",""product_name"":""SneakIN Socks"",""first_sale_date"":""2025-07-31"",""skp_state"":""ativo_perene"",""num_colors"":4,""category_1"":""Unissex"",""category_2"":""Unissex Accessory"",""category_3"":""Unissex Accessory Socks"",""category_4"":""Unissex Accessory Socks"",""revenue_after_discounts"":456932.28,""qt_sold"":20175.0000000012,""mc3_ratio"":-0.39143876928372323,""num_products_cat4"":9,""pctl_category_relevance_company"":86.538461538461547,""viabilidade_financeira_raw"":-0.45139604489440671,""pctl_revenue_company"":49.019607843137251,""pctl_revenue_cat4"":20,""pctl_volume_company"":77.941176470588232,""pctl_viabilidade_company"":3.9215686274509802,""manual_classification"":null,""aging"":18.998359556843809,""is_hero"":false,""is_core"":false,""processed_at"":""2026-06-12""}"
Calcinha Cover Corte a Laser Feminino,Calcinha,female,Lancamento,Não priorizar agora,0.27617391304347827,0.3026086956521739,0.2365217391304348,4261,15,5902,108538.72,181,242.0,97,73,153,0,18894.66,35155.08,0.0410030498136225,0.04234492455789303,-0.001341874744270527,0.9683108481528655,0.000309436,0.0019748482893571003,0.0014136504895202935,tamanho_grande,0.08839779005524862,caimento_ruim,0.055248618784530384,logistica_item_errado,0.03314917127071823,0.17679558011049723,Preto,0.46408839779005523,M,0.3425414364640884,87,73,Estável,"Talvez poderia ter PP na numeração, assim como a boxer ou a hot pant. A fio minimal também ficou um pouco grande, mas dá para usar. A hot pant eu já comprei a pp e achei que se ajustou melhor no meu corpo do que a p, porém o elástico das pernas ficou um pouco justo, marcando na roupa. Por isto, vou provar a hot pant p no dia a dia para ver qual me adapto melhor, mas a caleçon, realmente não dá para usar, fica grande demais. || Comprei de presente de aniversário para a minha esposa mas ela não curtiu o material/tecido. || Tamanho ficou grande || nao sabia que tinha costura e ficou largo no bumbum  || O material me parece frágil  || Achei a calcinha linda e corte moderno. || Acho que a G 1 número menor ficará ótima  || Acho que G ficará bom  || o pano tem qualidade || Além do provador virtual, também usei como referência a calcinha safe comprada em 2024, que serviu muito bem sendo tamanho M.","Top problemas: tamanho_grande, caimento_ruim, logistica_item_errado. Top 3 concentram 17.7% das reversas com tag. Tendência: Estável.","{""cluster"":""Lancamento"",""product_name"":""Calcinha Cover Corte a Laser Feminino"",""first_sale_date"":""2025-11-25"",""skp_state"":""ativo_em_lancamento"",""num_colors"":7,""category_1"":""Woman"",""category_2"":""Woman Underwear"",""category_3"":""Woman Underwear Bottoms"",""category_4"":""Woman Underwear Bottoms"",""revenue_after_discounts"":309545.83,""qt_sold"":8490.9999999999,""mc3_ratio"":-0.25027497417999534,""num_products_cat4"":8,""pctl_category_relevance_company"":75,""viabilidade_financeira_raw"":0.05448937616227191,""pctl_revenue_company"":43.627450980392155,""pctl_revenue_cat4"":42.857142857142854,""pctl_volume_company"":62.745098039215684,""pctl_viabilidade_company"":59.803921568627452,""manual_classification"":null,""aging"":51.748746509824542,""is_hero"":false,""is_core"":false,""processed_at"":""2026-06-12""}"
Shorts InSculpt Feminino,Shorts Esportivo,female,Breakthrough,Não priorizar agora,0.26869565217391306,0.32608695652173914,0.1826086956521739,1310,12,1409,255902.98,112,113.0,65,44,89,0,18957.260000000002,22135.739999999998,0.0801987224982257,0.10682220328986172,-0.026623480791636026,0.75076828625793,0.000729561,0.00047146073190514303,0.000660092997172699,defeito_costura,0.05357142857142857,tamanho_grande,0.044642857142857144,tecido_qualidade_ruim,0.044642857142857144,0.14285714285714285,Preto,0.5892857142857143,M,0.33035714285714285,30,46,Caiu nos últimos 3 meses,"O shorts veste muito bem, mas não tem muita compreensão, senti falta de um pouco mais de compressão principalmente na parte do cós na cintura, isso é muito importante para nós mulheres, trás mais confiança com aquelas gordurinhas no pé da barriga. 
Porém, provei o tamanho P e ficou maravilhoso. 
Só sinto falta de outras opções de cores nesse estilo de shorts INSCULP, poderiam investir em outras cores.  || Gostei da qualidade do produto, porém ficou largo. || Não  || Comprei GG mas emagreci preciso do g || Gostei da peça,  mas a costura se soltando tornou o uso inviável.  || Me arrependi da compra  || Cintura alta demais, não achei confortável  || O shorts ficou parecendo bermudas ciclista, quero shorts mais curto || Queria o body insculpt, a promocao de Blackfirday me fez entender que o valor era pelo body. || Como não tem um top do mesmo tecido e cor e o body ficou desconfortável, vou devolver pois eu queria fazer um conjunto ","Top problemas: defeito_costura, tamanho_grande, tecido_qualidade_ruim. Top 3 concentram 14.3% das reversas com tag. Há concentração relevante na cor Preto. Tendência: Caiu nos últimos 3 meses.","{""cluster"":""Breakthrough"",""product_name"":""Shorts InSculpt Feminino"",""first_sale_date"":""2025-11-05"",""skp_state"":""ativo_em_lancamento"",""num_colors"":3,""category_1"":""Woman"",""category_2"":""Woman Fitness/Sportswear"",""category_3"":""Woman Fitness/Sportswear Bottoms"",""category_4"":""Woman Fitness/Sportswear Bottoms Shorts"",""revenue_after_discounts"":285012.83,""qt_sold"":1502.9999999999861,""mc3_ratio"":0.29215111706548241,""num_products_cat4"":6,""pctl_category_relevance_company"":65.384615384615387,""viabilidade_financeira_raw"":-0.22736920469673333,""pctl_revenue_company"":41.666666666666671,""pctl_revenue_cat4"":0,""pctl_volume_company"":32.843137254901961,""pctl_viabilidade_company"":13.725490196078432,""manual_classification"":""Breakthrough"",""aging"":74.272891462615561,""is_hero"":false,""is_core"":false,""processed_at"":""2026-06-12""}"
Camiseta Manga Curta TrainIN Masculino,T-shirt,male,Lancamento,Não priorizar agora,0.25269565217391304,0.2634782608695652,0.23652173913043478,1858,15,2441,349307.91,110,115.0,92,18,102,0,32213.01,9170.7,0.047111839410077835,0.05496738950982482,-0.007855550099746984,0.8570870807255111,0.000995851,0.0008167747669130264,0.000671776059069561,caimento_ruim,0.07272727272727272,modelagem_ruim,0.05454545454545454,tamanho_pequeno,0.05454545454545454,0.18181818181818182,Deep Brown,0.38181818181818183,G,0.2636363636363636,80,30,Aumentou nos últimos 3 meses,"Vou dar mais uma chance mas se q nova tbm tiver esse problema não vou querer mais  || O que chegou, veio diferente do que eu pedi note site. || A camiseta é daquelas que fica mega colada ao corpo evidenciando qualquer tipo gordura localizada.  || não serve como casual apenas treino || Cliente recebeu bermuda que não faz parte do portfólio da Insider || Usei como base as várias peças de outros modelos que já posso. || Arrependimento. || Já possuía a peça “camiseta esportiva” no tamanho GG, mas a forma não é a mesma. || Lavada somente no saquinho próprio, mancha não sai (sem uso de alvejante) || É um modelo que fica muito colado no corpo, não gostei.","Top problemas: caimento_ruim, modelagem_ruim, tamanho_pequeno. Top 3 concentram 18.2% das reversas com tag. Tendência: Aumentou nos últimos 3 meses.","{""cluster"":""Lancamento"",""product_name"":""Camiseta Manga Curta TrainIN Masculino"",""first_sale_date"":""2026-01-16"",""skp_state"":""ativo_em_lancamento"",""num_colors"":3,""category_1"":""Man"",""category_2"":""Man Fitness/Sportswear"",""category_3"":""Man Fitness/Sportswear Top"",""category_4"":""Man Fitness/Sportswear Top T-Shirt"",""revenue_after_discounts"":370977.5,""qt_sold"":2478.0000000000059,""mc3_ratio"":0.27426511334648784,""num_products_cat4"":6,""pctl_category_relevance_company"":82.6923076923077,""viabilidade_financeira_raw"":-0.1331225826452806,""pctl_revenue_company"":46.568627450980394,""pctl_revenue_cat4"":0,""pctl_volume_company"":43.137254901960787,""pctl_viabilidade_company"":26.96078431372549,""manual_classification"":null,""aging"":30.403367090405052,""is_hero"":false,""is_core"":false,""processed_at"":""2026-06-12""}"
Saia Midi Tokyo FutureForm Feminino,Saia,female,Lancamento,Não priorizar agora,0.2342608695652174,0.3486956521739131,0.06260869565217392,389,15,416,103180.23,39,39.0,29,9,30,0,7560.299999999999,4852.290000000001,0.09375,0.11900075496117342,-0.02525075496117342,0.7878101280163137,0.000294159,0.00013919635519697623,0.00022781970698880762,modelagem_ruim,0.3333333333333333,caimento_ruim,0.3076923076923077,tamanho_grande,0.07692307692307693,0.717948717948718,New Khaki,0.5384615384615384,P,0.3333333333333333,39,0,Apareceu nos últimos 3 meses,"Somente pq não vestiu bem no meu corpo  || Gostaria de trocar por outra peça da insider  || O corte não deu certo pra mim. Amei o tecido.  || Eu queria trocar por uma calça wide leg mas não pode  || A saia ficou grande e o modelo não me favoreceu. || Nao gostei do corte no meu corpo  || Adorei os produtos mas a saia não vestiu bem em mim || Não gostei como ficou no corpo || A saia é maravilhosa! Já usei e amei, mas no primeiro uso a costura abriu :( || Não gostei do corte e da costura","Top problemas: modelagem_ruim, caimento_ruim, tamanho_grande. Top 3 concentram 71.8% das reversas com tag. Há concentração relevante na cor New Khaki. Tendência: Apareceu nos últimos 3 meses.","{""cluster"":""Lancamento"",""product_name"":""Saia Midi Tokyo FutureForm Feminino"",""first_sale_date"":""2026-04-16"",""skp_state"":""ativo_em_lancamento"",""num_colors"":3,""category_1"":""Woman"",""category_2"":""Woman Casual"",""category_3"":""Woman Casual Bottoms"",""category_4"":""Woman Casual Bottoms Skirts Midi"",""revenue_after_discounts"":98444.44,""qt_sold"":406.99999999999676,""mc3_ratio"":0.25472974607524723,""num_products_cat4"":4,""pctl_category_relevance_company"":69.230769230769226,""viabilidade_financeira_raw"":-0.33779412659559011,""pctl_revenue_company"":25.980392156862749,""pctl_revenue_cat4"":0,""pctl_volume_company"":20.098039215686274,""pctl_viabilidade_company"":6.8627450980392162,""manual_classification"":null,""aging"":null,""is_hero"":false,""is_core"":false,""processed_at"":""2026-06-12""}"
Camiseta Polo Grafeno Edition Feminino,T-shirt,female,Breakthrough,Não priorizar agora,0.21356521739130435,0.3373913043478261,0.027826086956521737,145,4,153,54651.4,9,9.0,5,4,9,0,2195.44,2293.85,0.058823529411764705,0.05496738950982482,0.0038561399019398854,1.070153229693592,0.000155807,5.119481332965712e-05,5.257377853587868e-05,conforto_negativo,0.2222222222222222,modelagem_ruim,0.2222222222222222,tamanho_pequeno,0.2222222222222222,0.6666666666666666,Preto,1.0,G,0.4444444444444444,9,0,Apareceu nos últimos 3 meses,"Está modelagem é muito diferente da de outras peças da Insider tamanho G. Ficou justa demais e desconfortável para usar. || A camiseta tem um caimento estranho e escorregadio, ficou subindo pelo sutiã conforme me mexia experimentando. Brilho muito artificial. Para além disso, extremamente apertada no braço. Esticando a blusa na frente dos olhos, parece que é uma manga de outro tamanho, tão desproporcional que ficou a largura na área do antebraço, embora ela aparenta estar bem encaixada no ombro. || A gola desta polo é gigante. Muito grande para uma polo feminina. Eu amei a camisa, mas se não fosse por isso, ficaria com ela. Não consegui de forma alguma gostar dessa gola grande. || Comprei o mesmo tamanho de vários produtos que tenho da loja. No ombro ficou perfeito,  mas ficou justo no abdome","Top problemas: conforto_negativo, modelagem_ruim, tamanho_pequeno. Top 3 concentram 66.7% das reversas com tag. Há concentração relevante na cor Preto. Tendência: Apareceu nos últimos 3 meses.","{""cluster"":""Breakthrough"",""product_name"":""Camiseta Polo Grafeno Edition Feminino"",""first_sale_date"":""2026-03-23"",""skp_state"":""ativo_em_lancamento"",""num_colors"":1,""category_1"":""Woman"",""category_2"":""Woman Casual"",""category_3"":""Woman Casual Top"",""category_4"":""Woman Casual Top Polo Shirt"",""revenue_after_discounts"":53094.25,""qt_sold"":150.00000000000014,""mc3_ratio"":0.39542529342102445,""num_products_cat4"":1,""pctl_category_relevance_company"":7.6923076923076925,""viabilidade_financeira_raw"":-0.091178781693679059,""pctl_revenue_company"":20.588235294117645,""pctl_revenue_cat4"":50,""pctl_volume_company"":2.9411764705882351,""pctl_viabilidade_company"":31.862745098039213,""manual_classification"":""Breakthrough"",""aging"":null,""is_hero"":false,""is_core"":false,""processed_at"":""2026-06-12""}"
Calcinha String Feminino,Underwear,female,Long tail,Não priorizar agora,0.19791304347826086,0.16521739130434782,0.2469565217391304,2139,17,4395,208076.74,73,122.0,43,30,60,1,8885.960000000001,8514.08,0.027758816837315133,0.04652831994358677,-0.018769503106271637,0.5966004547546804,0.000593212,0.0014705961083911312,0.0007126667757085777,tamanho_grande,0.1095890410958904,modelagem_ruim,0.0821917808219178,caimento_ruim,0.0410958904109589,0.2328767123287671,Preto,0.7397260273972602,P,0.4794520547945205,36,16,Aumentou nos últimos 3 meses,"Sou apaixonada pela string, sempre compro M preta (já comprei P azul mas prefiro M). Agora fui supreendida com um M bem maior! Coloquei do lado de uma bem velha minha pra comparar (foto). Fiquei esperando meses a M preta voltar no site, mas agora ficou grande pra mim. || Errei na hora de comprar, queria duas azuis e uma bege, mas pelo visto pedi duas beges e uma azul || As calcinhas são mais grossas do que aparentavam ser pela internet || Eu acabei confundindo na hora da compra, já tenho várias calcinhas PP da insider, mas sem querer selecionei P. || Ficou apertada e não gostei do modelo || Somente a blusa quero troca pela mesma cor (preta) no tamanho GG
As demais peças (calcinhas) quero estorno, ficaram enormes, parecendo coador de café.
Postagem nos correios. || Não abri o pacote. Ele ainda está lacrado, comprei em duplicidade e no atendimento me orientaram a fazer devolução pois não consegui resolver antes de chegar  || Ótimo produto porém tamanho muito grande. || Tive dificuldade para finalizar a compra com os descontos  || Nao atendeu expectativas ","Top problemas: tamanho_grande, modelagem_ruim, caimento_ruim. Top 3 concentram 23.3% das reversas com tag. Há concentração relevante na cor Preto. Tendência: Aumentou nos últimos 3 meses.","{""cluster"":""Long tail"",""product_name"":""Calcinha String Feminino"",""first_sale_date"":""2022-12-13"",""skp_state"":""ativo_perene"",""num_colors"":9,""category_1"":""Woman"",""category_2"":""Woman Underwear"",""category_3"":""Woman Underwear Bottoms"",""category_4"":""Woman Underwear Bottoms"",""revenue_after_discounts"":262834.12,""qt_sold"":5646.9999999999618,""mc3_ratio"":-0.10909987108820375,""num_products_cat4"":8,""pctl_category_relevance_company"":75,""viabilidade_financeira_raw"":-0.17482891253219127,""pctl_revenue_company"":40.196078431372548,""pctl_revenue_cat4"":28.571428571428569,""pctl_volume_company"":56.372549019607845,""pctl_viabilidade_company"":20.098039215686274,""manual_classification"":null,""aging"":71.9055374037829,""is_hero"":false,""is_core"":false,""processed_at"":""2026-06-12""}"
HighTech T-shirt LifeProof Feminino,T-shirt,female,Breakthrough,Não priorizar agora,0.19408695652173916,0.24000000000000002,0.12521739130434784,728,12,856,162642.2,39,40.0,31,8,33,0,13232.029999999999,4227.38,0.04672897196261682,0.05496738950982482,-0.008238417547207999,0.850121724522947,0.000463681,0.0002864232693476242,0.0002336612379372386,caimento_ruim,0.15384615384615385,tamanho_pequeno,0.15384615384615385,conforto_negativo,0.07692307692307693,0.38461538461538464,Preto,0.6153846153846154,G,0.358974358974359,12,27,Caiu nos últimos 3 meses,"A peça ficou grande e muito infelizmente não tem ela no tamanho menor.  || Não gostei do modelo da calça,  ficou curta. || Amei o produto e o carinho, cuidado da embalagem. || A manga ficou apertada no meu braço  || Não vestiu como eu gostaria, achei que era outro material  || Se na ocasião tiver o tamanho XGG opto pela troca do mesmo produto.  || Fiz a compra de camisetas nos tamanhos G e M. As G ficaram melhores no meu corpo. || Não  || Tenho várias camisetas de vcs, porém essa a malha é muito firme e ela ficou  muito justa.  || O problema foi que eu pedi masculina e vcs enviaram feminina","Top problemas: caimento_ruim, tamanho_pequeno, conforto_negativo. Top 3 concentram 38.5% das reversas com tag. Há concentração relevante na cor Preto. Tendência: Caiu nos últimos 3 meses.","{""cluster"":""Breakthrough"",""product_name"":""HighTech T-shirt LifeProof Feminino"",""first_sale_date"":""2025-12-11"",""skp_state"":""ativo_perene"",""num_colors"":3,""category_1"":""Woman"",""category_2"":""Woman Casual"",""category_3"":""Woman Casual Top"",""category_4"":""Woman Casual Top T-Shirt"",""revenue_after_discounts"":184766.27,""qt_sold"":959.00000000000807,""mc3_ratio"":0.33009442083358231,""num_products_cat4"":30,""pctl_category_relevance_company"":98.076923076923066,""viabilidade_financeira_raw"":0.09165788993119077,""pctl_revenue_company"":34.803921568627452,""pctl_revenue_cat4"":33.333333333333329,""pctl_volume_company"":26.47058823529412,""pctl_viabilidade_company"":66.17647058823529,""manual_classification"":""Breakthrough"",""aging"":46.42861423288165,""is_hero"":false,""is_core"":false,""processed_at"":""2026-06-12""}"
Undershirt Block Gola U Masculino,Undershirt,male,Long tail,Não priorizar agora,0.19078260869565217,0.2843478260869565,0.050434782608695654,311,5,474,72469.82,15,16.0,5,10,11,2,953.99,1453.5,0.03375527426160337,0.01395460262322573,0.01980067163837764,2.4189348255192766,0.000206606,0.00015860353933501618,9.346449517489544e-05,conforto_negativo,0.13333333333333333,modelagem_ruim,0.13333333333333333,tecido_grosso,0.13333333333333333,0.4,Branco,1.0,GG,0.5333333333333333,2,0,Sem volume para tendência,"Fixou pequena preciso maior || Material em baixo do braço é desconfortável, na sua tanto assim para precisar disso.  || Não gostei, achei muito grossa abaixo do braço  || O produto veio com uma mancha bem grande na frente da camisa!  || O tamanho ficou menor que o esperado. || Tecido muito fino. A outra rasgou no primeiro uso. Devolvendo esta que está intacta e que não foi utilizada. || comprei GG mas veio P com etiqueta de GG || Bom dia 

A camiseta está com dois pontos descosturados nas axilas e só foi usada uma vez.

 || Devolução || Hoje, dia 30/09 ao me preparar para ir ao trabalho, constatei que também minha segunda peça da Undershirt Block, abriu um rasgado no ombro do lado esquerdo. Ambas as peças nunca foram submetidas a lavadoras e/ou escovas. Sempre foi lavada a mão com sabão neutro.

Como não havia constatado antes, o processo de troca teve que ser aberto duas vezes, dia 29/09 (deferido) e hoje 30/09.","Top problemas: conforto_negativo, modelagem_ruim, tecido_grosso. Top 3 concentram 40% das reversas com tag. Há concentração relevante na cor Branco. Há concentração relevante no tamanho GG. Tendência: Sem volume para tendência.","{""cluster"":""Long tail"",""product_name"":""Undershirt Block Gola U Masculino"",""first_sale_date"":""2023-03-29"",""skp_state"":""ativo_perene"",""num_colors"":1,""category_1"":""Man"",""category_2"":""Man Underwear"",""category_3"":""Man Underwear Top"",""category_4"":""Man Underwear Top Undershirt"",""revenue_after_discounts"":79518.34,""qt_sold"":546.99999999999955,""mc3_ratio"":0.30018655099896147,""num_products_cat4"":6,""pctl_category_relevance_company"":78.84615384615384,""viabilidade_financeira_raw"":0.092294692293740377,""pctl_revenue_company"":23.52941176470588,""pctl_revenue_cat4"":0,""pctl_volume_company"":22.058823529411764,""pctl_viabilidade_company"":67.156862745098039,""manual_classification"":null,""aging"":null,""is_hero"":false,""is_core"":false,""processed_at"":""2026-06-12""}"
Calcinha Minimal Corte a Laser Feminino,Calcinha,female,Lancamento,Não priorizar agora,0.18991304347826088,0.1808695652173913,0.20347826086956522,2472,12,4646,104755.88,86,132.0,56,26,75,0,8693.32,9988.59,0.0284115368058545,0.04234492455789303,-0.01393338775203853,0.6709549515671207,0.000298651,0.0015545823707816143,0.0007710820851928873,tamanho_grande,0.08139534883720931,defeito_costura,0.06976744186046512,conforto_negativo,0.05813953488372093,0.20930232558139536,Preto,0.3953488372093023,M,0.5465116279069767,44,24,Aumentou nos últimos 3 meses,"Sou cliente da marca e sempre gostei muito do conforto e da qualidade dos produtos. Por isso, fiquei bastante triste quando, durante uma viagem, percebi que uma das peças estava descosturada.

Entendo que, por já ter usado o produto, a troca possa ser inviável, mas gostaria de registrar meu desconforto, já que só notei o defeito enquanto estava viajando e não tive alternativa a não ser continuar usando a peça. || Não gostei das costuras na base da calcinha, são muito grossas. || Gostaria de relatar um problema em uma calcinha modelo minimal preta.

A peça apresenta defeito no elástico, tanto na cintura quanto na parte inferior, com acabamento irregular e aspecto repuxado, o que compromete o caimento e o conforto.

Foi usada apenas uma vez, e o problema já é visível, o que indica falha de fabricação e não desgaste por uso.

Tenho outras peças do mesmo modelo em outras cores que não apresentam esse problema, o que reforça que se trata de um defeito específico dessa peça.

Solicito, por gentileza, a avaliação e solução para o caso. Muito obrigada  || O modelo da peça é muito pequeno, principalmente a parte de trás. Não adianta trocar o tamanho.  || Não é o modelo e estilo que uso, apesar de ser adequado para outras mulheres  || Achei a qualidade fraca || Ficou grande || Usei no máximo 5 vezes a calcinha, lavei somente a mão com todo cuidado de peça delicada e já começou a descosturar. Fiquei bem decepcionada com a qualidade da peça, esperava mais da marca. || Quero trocar por outro produto  || Usei como base o tamanho de calcinha que tenho de outras marcas.","Top problemas: tamanho_grande, defeito_costura, conforto_negativo. Top 3 concentram 20.9% das reversas com tag. Há concentração relevante no tamanho M. Tendência: Aumentou nos últimos 3 meses.","{""cluster"":""Lancamento"",""product_name"":""Calcinha Minimal Corte a Laser Feminino"",""first_sale_date"":""2025-11-25"",""skp_state"":""ativo_em_lancamento"",""num_colors"":7,""category_1"":""Woman"",""category_2"":""Woman Underwear"",""category_3"":""Woman Underwear Bottoms"",""category_4"":""Woman Underwear Bottoms"",""revenue_after_discounts"":177851.42,""qt_sold"":6146.9999999999209,""mc3_ratio"":-0.31919043999990515,""num_products_cat4"":8,""pctl_category_relevance_company"":75,""viabilidade_financeira_raw"":0.0038677171006940014,""pctl_revenue_company"":33.82352941176471,""pctl_revenue_cat4"":14.285714285714285,""pctl_volume_company"":58.333333333333336,""pctl_viabilidade_company"":51.470588235294116,""manual_classification"":null,""aging"":74.4932767761061,""is_hero"":false,""is_core"":false,""processed_at"":""2026-06-12""}"
Undershirt Block Gola V Masculino,Undershirt,male,Long tail,Não priorizar agora,0.1645217391304348,0.1547826086956522,0.1791304347826087,832,10,1485,209879.62,17,19.0,11,6,16,0,2396.98,1222.54,0.012794612794612794,0.01395460262322573,-0.0011599898286129354,0.916874033612231,0.000598352,0.0004968908352584368,0.00011098908802018834,,,,,,,,Bege,0.9411764705882353,GG,0.5882352941176471,0,1,Sem volume para tendência,"Provador virtual dizia justo, porém ficou muito apertado. || Queria trocar por uma peça G || O material abaixo das axilias parece plástico e faz um barulho indesejável.  || Não sabia que o bloqueio de suor era com algo mais rígido embaixo dos braços. || Peça grande || . || Comprei o modelo errado || Comprarei o tamanho G || Estou devolvendo para recomprar com um tamanho menor. || Coloquei a blusa para lavar na máquina de lavar, coloquei a peça do avesso dentro da insider bag que veio junto com o produto. Mas acabei deixando as roupas na máquina de molho por 2 dias, a peça está manchada de tinta das outras roupas e perdeu seu cheiro natural, acho que também perdeu suas tecnologias de anti odor.
Estou ciente que foi culpa minha, além disso está fora do prazo de reembolso, mas eu peço por favor façam o reembolso por favor. Preciso muito dessa camisa pois tenho hiperidrose. Peço por favor ",Top problemas: sem tag. Top 3 concentram 0% das reversas com tag. Há concentração relevante na cor Bege. Há concentração relevante no tamanho GG. Tendência: Sem volume para tendência.,"{""cluster"":""Long tail"",""product_name"":""Undershirt Block Gola V Masculino"",""first_sale_date"":""2021-09-21"",""skp_state"":""ativo_perene"",""num_colors"":3,""category_1"":""Man"",""category_2"":""Man Underwear"",""category_3"":""Man Underwear Top"",""category_4"":""Man Underwear Top Undershirt"",""revenue_after_discounts"":195956.88,""qt_sold"":1639.0000000000007,""mc3_ratio"":0.27693168860847733,""num_products_cat4"":6,""pctl_category_relevance_company"":78.84615384615384,""viabilidade_financeira_raw"":0.035602909655941456,""pctl_revenue_company"":35.784313725490193,""pctl_revenue_cat4"":75,""pctl_volume_company"":33.82352941176471,""pctl_viabilidade_company"":55.882352941176471,""manual_classification"":null,""aging"":null,""is_hero"":false,""is_core"":false,""processed_at"":""2026-06-12""}"
Viseira Esportiva JoggIn,Acessório,unisex,Long tail,Não priorizar agora,0.15617391304347827,0.24173913043478262,0.027826086956521737,228,2,248,17529.21,8,8.0,1,6,5,0,232.41,2493.14,0.03225806451612903,0.025620681675427286,0.006637382840701745,1.259063475546306,4.9975e-05,8.298244252127429e-05,4.673224758744772e-05,tamanho_pequeno,0.375,caimento_ruim,0.125,conforto_negativo,0.125,0.625,Preto,0.75,Único,1.0,2,6,Caiu nos últimos 3 meses,"Prefiro escolher outra peça, pois vou usar mais! || O pedido chegou impecável, uma pena que ficou muito pequeno para minha cabeça || Ficou apertada mesmo usando o ajuste e assim incomoda na testa. || Está soltando linhas em vários lugares, é só foi lavada 1x no saquinho próprio  || Arrependimento  || O elástico de ajuste é muito curto e não coube na minha cabeça || Fica folgado na parte da testa. || Achei a aba da viseira muito pequena. ","Top problemas: tamanho_pequeno, caimento_ruim, conforto_negativo. Top 3 concentram 62.5% das reversas com tag. Há concentração relevante na cor Preto. Há concentração relevante no tamanho Único. Tendência: Caiu nos últimos 3 meses.","{""cluster"":""Long tail"",""product_name"":""Viseira Esportiva JoggIn"",""first_sale_date"":""2025-12-02"",""skp_state"":""ativo_perene"",""num_colors"":2,""category_1"":""Unissex"",""category_2"":""Unissex Accessory"",""category_3"":""Unissex Accessory Headpiece"",""category_4"":""Unissex Accessory Headpiece Cap"",""revenue_after_discounts"":22616.42,""qt_sold"":233.99999999999946,""mc3_ratio"":0.10656448503560982,""num_products_cat4"":6,""pctl_category_relevance_company"":53.846153846153847,""viabilidade_financeira_raw"":-0.26110718063257721,""pctl_revenue_company"":12.745098039215685,""pctl_revenue_cat4"":0,""pctl_volume_company"":12.745098039215685,""pctl_viabilidade_company"":10.784313725490197,""manual_classification"":null,""aging"":110,""is_hero"":false,""is_core"":false,""processed_at"":""2026-06-12""}"
Undershirt Simples Gola V Masculino,Undershirt,male,Long tail,Não priorizar agora,0.1448695652173913,0.17304347826086958,0.10260869565217391,552,5,929,109387.82,9,13.0,8,1,8,0,2697.96,481.7,0.013993541442411194,0.01395460262322573,3.893881918546477e-05,1.0027903925490975,0.000311857,0.00031084955283170894,7.593990232960254e-05,,,,,,,,Bege,1.0,XGG,0.6666666666666666,0,0,Sem volume para tendência,"comprei GG, porém ficou grande, quero uma G, somente troca de tamanho  || Muito grande  || Undershirt beje ficou grande || Não gostei da camiseta no corpo || Gostaria de ter comprado suor excessivo  || A XGG ficou muito grande. 
Irei recomprar um tamanho menor.  || preferi o modelo Anti-suor Moderado || Gostaria da camisa anti suor e não a simples ",Top problemas: sem tag. Top 3 concentram 0% das reversas com tag. Há concentração relevante na cor Bege. Há concentração relevante no tamanho XGG. Tendência: Sem volume para tendência.,"{""cluster"":""Long tail"",""product_name"":""Undershirt Simples Gola V Masculino"",""first_sale_date"":""2023-04-15"",""skp_state"":""ativo_perene"",""num_colors"":1,""category_1"":""Man"",""category_2"":""Man Underwear"",""category_3"":""Man Underwear Top"",""category_4"":""Man Underwear Top Undershirt"",""revenue_after_discounts"":98642.13,""qt_sold"":980.00000000000284,""mc3_ratio"":0.24495406451802518,""num_products_cat4"":6,""pctl_category_relevance_company"":78.84615384615384,""viabilidade_financeira_raw"":-0.0054082431305243622,""pctl_revenue_company"":26.47058823529412,""pctl_revenue_cat4"":25,""pctl_volume_company"":27.450980392156865,""pctl_viabilidade_company"":50.490196078431367,""manual_classification"":null,""aging"":null,""is_hero"":false,""is_core"":false,""processed_at"":""2026-06-12""}"
Casaco de Tricot Future Knit Feminino,Casaco,female,Lancamento,Não priorizar agora,0.10052173913043477,0.09913043478260869,0.10260869565217393,212,12,239,174738.79,6,6.0,3,3,6,0,2252.0,2051.52,0.02510460251046025,0.05347464286433882,-0.028370040353878568,0.46946741793393093,0.000498168,7.99709829136474e-05,3.504918569058579e-05,,,,,,,,Acid Lime,0.5,M,0.5,6,0,Apareceu nos últimos 3 meses,"Acho que é mais uma questão de modelagem do que tamanho. De qualquer forma, acho que ficou mais largo e “quadradão” do que imaginei. Vocês não podem acertar todas! Rs  || Material é bom mas ficou grande  || não gostei || A cintura ficou larga. O restante ficou bom. || Explicar melhor que a gola eh alta ",Top problemas: sem tag. Top 3 concentram 0% das reversas com tag. Há concentração relevante na cor Acid Lime. Há concentração relevante no tamanho M. Tendência: Apareceu nos últimos 3 meses.,"{""cluster"":""Lancamento"",""product_name"":""Casaco de Tricot Future Knit Feminino"",""first_sale_date"":""2026-05-31"",""skp_state"":""ativo_em_lancamento"",""num_colors"":3,""category_1"":""Woman"",""category_2"":""Woman Casual"",""category_3"":""Woman Casual Top"",""category_4"":""Woman Casual Top Jackets/Hoodies"",""revenue_after_discounts"":165518.33,""qt_sold"":237.00000000000017,""mc3_ratio"":0.3756359434226601,""num_products_cat4"":3,""pctl_category_relevance_company"":90.384615384615387,""viabilidade_financeira_raw"":-0.35145056239638983,""pctl_revenue_company"":32.843137254901961,""pctl_revenue_cat4"":0,""pctl_volume_company"":13.725490196078432,""pctl_viabilidade_company"":6.3725490196078427,""manual_classification"":null,""aging"":null,""is_hero"":false,""is_core"":false,""processed_at"":""2026-06-12""}"
Undershirt Anti Suor Gola U Masculino,Undershirt,male,Long tail,Não priorizar agora,0.08886956521739131,0.07391304347826087,0.11130434782608695,485,5,931,119579.75,4,6.0,1,3,4,0,318.0,714.87,0.00644468313641246,0.01395460262322573,-0.00750991948681327,0.46183207866385767,0.000340913,0.00031151876607784823,3.504918569058579e-05,,,,,,,,Branco,1.0,XGG,0.75,2,0,Sem volume para tendência,"A blusa chegou com um furinho nas costas. Além disso, há alguns anos compramos outra desse modelo e o tecido abaixo da axila era bem mais grosso/ espesso! Esse agora veio praticamente sem reforço, não é mais o mesmo tecido duro/rígido abaixo da axila. Por isso, não desejaremos cupom pra pedir outra não… queremos o estorno realmente.  || Ficou pegando muito no pescoço do meu esposo ",Top problemas: sem tag. Top 3 concentram 0% das reversas com tag. Há concentração relevante na cor Branco. Há concentração relevante no tamanho XGG. Tendência: Sem volume para tendência.,"{""cluster"":""Long tail"",""product_name"":""Undershirt Anti Suor Gola U Masculino"",""first_sale_date"":""2023-02-27"",""skp_state"":""ativo_perene"",""num_colors"":1,""category_1"":""Man"",""category_2"":""Man Underwear"",""category_3"":""Man Underwear Top"",""category_4"":""Man Underwear Top Undershirt"",""revenue_after_discounts"":117449.98,""qt_sold"":985.0000000000008,""mc3_ratio"":0.26707558538969617,""num_products_cat4"":6,""pctl_category_relevance_company"":78.84615384615384,""viabilidade_financeira_raw"":-0.23315381870045707,""pctl_revenue_company"":28.921568627450984,""pctl_revenue_cat4"":50,""pctl_volume_company"":27.941176470588236,""pctl_viabilidade_company"":12.745098039215685,""manual_classification"":null,""aging"":null,""is_hero"":false,""is_core"":false,""processed_at"":""2026-06-12""}"
Pochete Slim Esportiva SprintIn,Acessório,unisex,Long tail,Não priorizar agora,0.08208695652173913,0.10782608695652174,0.043478260869565216,474,1,495,49870.63,8,8.0,3,5,4,0,494.65,1841.9,0.01616161616161616,0.025620681675427286,-0.009459065513811125,0.6308035190615836,0.000142178,0.00016563027841947893,4.673224758744772e-05,defeito_aviamento,0.375,tamanho_pequeno,0.25,modelagem_ruim,0.125,0.75,Preto,1.0,Único,1.0,1,7,Caiu nos últimos 3 meses,"Comprei o produto por R$110 e, com pouquíssimo uso, o zíper estourou. Levei a uma costureira e o reparo exige a troca completa, no valor de R$80, praticamente o preço do item. Não há possibilidade de troca pelo mesmo produto. É o segundo caso de defeito em pouco tempo, sendo que sou cliente antigo. Estou solicitando a devolução do valor pago. Fico bastante decepcionado com a qualidade recente. || não gostei || Símbolo descolando com alguns dias de uso || a pochette não cabe o que preciso colocar nela || Não cabe o meu celular  || No primeiro uso o zíper quebrou. Acho q já devia estar com defeito, soltou muito fácil.  || Prefiro outra peça a escolher, vou usar mais!","Top problemas: defeito_aviamento, tamanho_pequeno, modelagem_ruim. Top 3 concentram 75% das reversas com tag. Há concentração relevante na cor Preto. Há concentração relevante no tamanho Único. Tendência: Caiu nos últimos 3 meses.","{""cluster"":""Long tail"",""product_name"":""Pochete Slim Esportiva SprintIn"",""first_sale_date"":""2025-12-02"",""skp_state"":""ativo_perene"",""num_colors"":1,""category_1"":""Unissex"",""category_2"":""Unissex Accessory"",""category_3"":""Unissex Accessory Bag"",""category_4"":""Unissex Accessory Bag Pochete"",""revenue_after_discounts"":53216.83,""qt_sold"":460.99999999999767,""mc3_ratio"":0.053629679790004478,""num_products_cat4"":1,""pctl_category_relevance_company"":9.6153846153846168,""viabilidade_financeira_raw"":-0.060240025300021378,""pctl_revenue_company"":21.078431372549019,""pctl_revenue_cat4"":50,""pctl_volume_company"":21.078431372549019,""pctl_viabilidade_company"":39.215686274509807,""manual_classification"":null,""aging"":89.952380952380949,""is_hero"":false,""is_core"":false,""processed_at"":""2026-06-12""}"
Camiseta Grafeno Edition Feminino,T-shirt,female,,Sem evidência suficiente,0.008695652173913044,0.008695652173913044,0.008695652173913044,6,2,6,1446.06,0,0.0,0,0,0,0,0.0,0.0,0.0,0.05496738950982482,-0.05496738950982482,0.0,4.123e-06,2.0076397384179265e-06,0.0,,,,,,,,,,,,,,,,Top problemas: sem tag. Top 3 concentram 0% das reversas com tag. ,
